<?xml version="1.0" encoding="UTF-8" ?>
<!DOCTYPE glyphData [
<!ELEMENT glyphData (glyph)+>
<!ELEMENT glyph EMPTY>
<!ATTLIST glyph
	unicode			CDATA		#IMPLIED
	name			CDATA		#REQUIRED
	sortName		CDATA		#IMPLIED
	sortNameKeep	CDATA		#IMPLIED
	category		CDATA		#REQUIRED
	subCategory		CDATA		#IMPLIED
	script			CDATA		#IMPLIED
	description		CDATA		#REQUIRED
	production		CDATA		#IMPLIED
	altNames		CDATA		#IMPLIED
	decompose		CDATA		#IMPLIED
	anchors			CDATA		#IMPLIED
	accents			CDATA		#IMPLIED>
]>
<glyphData>	
	<glyph unicode="0410" name="A-cy" sortName="cy000" decompose="A" category="Letter" subCategory="Uppercase" script="cyrillic" production="uni0410" altNames="Acyrillic, afii10017" description="CYRILLIC CAPITAL LETTER A" anchors="top" accents="brevecomb-cy, dieresiscomb" />
	<glyph unicode="0411" name="Be-cy" sortName="cy001" category="Letter" subCategory="Uppercase" script="cyrillic" production="uni0411" altNames="Becyrillic, afii10018" description="CYRILLIC CAPITAL LETTER BE" />
	<glyph unicode="0412" name="Ve-cy" sortName="cy002" decompose="B" category="Letter" subCategory="Uppercase" script="cyrillic" production="uni0412" altNames="Vecyrillic, afii10019" description="CYRILLIC CAPITAL LETTER VE" />
	<glyph unicode="0413" name="Ge-cy" sortName="cy003" category="Letter" subCategory="Uppercase" script="cyrillic" production="uni0413" altNames="Gecyrillic, afii10020" description="CYRILLIC CAPITAL LETTER GHE" anchors="top, center, bottomright" accents="acutecomb, descender-cy" />
	<glyph unicode="0403" name="Gje-cy" sortName="cy004" decompose="Ge-cy, acutecomb" category="Letter" subCategory="Uppercase" script="cyrillic" production="uni0403" altNames="Gjecyrillic, afii10052" description="CYRILLIC CAPITAL LETTER GJE" />
	<glyph unicode="0490" name="Gheupturn-cy" sortName="cy005" category="Letter" subCategory="Uppercase" script="cyrillic" production="uni0490" altNames="Gheupturncyrillic, afii10050" description="CYRILLIC CAPITAL LETTER GHE WITH UPTURN" />
	<glyph unicode="04F6" name="Gedescender-cy" sortName="cy224" decompose="Ge-cy, descender-cy" category="Letter" subCategory="Uppercase" script="cyrillic" production="uni04F6" description="CYRILLIC CAPITAL LETTER GHE WITH DESCENDER" />
	<glyph unicode="04F7" name="gedescender-cy" sortName="cy225" decompose="ge-cy, descender-cy" category="Letter" subCategory="Lowercase" script="cyrillic" production="uni04F7" description="CYRILLIC SMALL LETTER GHE WITH DESCENDER" />
	<glyph unicode="0414" name="De-cy" sortName="cy006" category="Letter" subCategory="Uppercase" script="cyrillic" production="uni0414" altNames="Decyrillic, afii10021" description="CYRILLIC CAPITAL LETTER DE" />
	<glyph unicode="0415" name="Ie-cy" sortName="cy007" decompose="E" category="Letter" subCategory="Uppercase" script="cyrillic" production="uni0415" altNames="Iecyrillic, afii10022" description="CYRILLIC CAPITAL LETTER IE" anchors="top" accents="gravecomb, dieresiscomb" />
	<glyph unicode="0400" name="Iegrave-cy" sortName="cy008" decompose="Ie-cy, gravecomb" category="Letter" subCategory="Uppercase" script="cyrillic" production="uni0400" description="CYRILLIC CAPITAL LETTER IE WITH GRAVE" />
	<glyph unicode="0401" name="Io-cy" sortName="cy009" decompose="Ie-cy, dieresiscomb" category="Letter" subCategory="Uppercase" script="cyrillic" production="uni0401" altNames="Iocyrillic, afii10023" description="CYRILLIC CAPITAL LETTER IO" />
	<glyph unicode="0416" name="Zhe-cy" sortName="cy010" category="Letter" subCategory="Uppercase" script="cyrillic" production="uni0416" altNames="Zhecyrillic, afii10024" description="CYRILLIC CAPITAL LETTER ZHE" anchors="top, bottomright" accents="brevecomb-cy, descender-cy, dieresiscomb" />
	<glyph unicode="0417" name="Ze-cy" sortName="cy011" category="Letter" subCategory="Uppercase" script="cyrillic" production="uni0417" altNames="Zecyrillic, afii10025" description="CYRILLIC CAPITAL LETTER ZE" anchors="top, bottom" accents="cedillacomb, dieresiscomb" />
	<glyph unicode="0418" name="Ii-cy" sortName="cy012" category="Letter" subCategory="Uppercase" script="cyrillic" production="uni0418" altNames="Iicyrillic, afii10026" description="CYRILLIC CAPITAL LETTER I" anchors="top, bottomright" accents="brevecomb-cy, dieresiscomb, gravecomb, macroncomb, tail-cy" />
	<glyph unicode="0419" name="Iishort-cy" sortName="cy013" decompose="Ii-cy, brevecomb-cy" category="Letter" subCategory="Uppercase" script="cyrillic" production="uni0419" altNames="Iishortcyrillic, afii10027" description="CYRILLIC CAPITAL LETTER SHORT I" />
	<glyph unicode="040D" name="Iigrave-cy" sortName="cy014" decompose="Ii-cy, gravecomb" category="Letter" subCategory="Uppercase" script="cyrillic" production="uni040D" description="CYRILLIC CAPITAL LETTER I WITH GRAVE" />
	<glyph unicode="048A" name="Iishorttail-cy" sortName="cy014" decompose="Ii-cy, brevecomb-cy, tail-cy" category="Letter" subCategory="Uppercase" script="cyrillic" production="uni048A" description="CYRILLIC CAPITAL LETTER SHORT I WITH TAIL" />
	<glyph unicode="041A" name="Ka-cy" sortName="cy015" category="Letter" subCategory="Uppercase" script="cyrillic" production="uni041A" altNames="Kacyrillic, afii10028" description="CYRILLIC CAPITAL LETTER KA" anchors="top, center, bottomright" accents="acutecomb, descender-cy, verticalbar-cy" />
	<glyph unicode="040C" name="Kje-cy" sortName="cy016" decompose="Ka-cy, acutecomb" category="Letter" subCategory="Uppercase" script="cyrillic" production="uni040C" altNames="Kjecyrillic, afii10061" description="CYRILLIC CAPITAL LETTER KJE" />
	<glyph unicode="041B" name="El-cy" sortName="cy017" category="Letter" subCategory="Uppercase" script="cyrillic" production="uni041B" altNames="Elcyrillic, afii10029" description="CYRILLIC CAPITAL LETTER EL" anchors="bottomright" accents="tail-cy.case"/>
	<glyph unicode="041C" name="Em-cy" sortName="cy018" decompose="M" category="Letter" subCategory="Uppercase" script="cyrillic" production="uni041C" altNames="Emcyrillic, afii10030" description="CYRILLIC CAPITAL LETTER EM" anchors="bottomright" accents="tail-cy.case"/>
	<glyph unicode="041D" name="En-cy" sortName="cy019" decompose="H" category="Letter" subCategory="Uppercase" script="cyrillic" production="uni041D" altNames="Encyrillic, afii10031" description="CYRILLIC CAPITAL LETTER EN" anchors="bottomright" accents="descender-cy" />
	<glyph unicode="041E" name="O-cy" sortName="cy020" decompose="O" category="Letter" subCategory="Uppercase" script="cyrillic" production="uni041E" altNames="Ocyrillic, afii10032" description="CYRILLIC CAPITAL LETTER O" anchors="top, center" accents="dieresiscomb, strokeshortcomb" />
	<glyph unicode="041F" name="Pe-cy" sortName="cy021" category="Letter" subCategory="Uppercase" script="cyrillic" production="uni041F" altNames="Pecyrillic, afii10033" description="CYRILLIC CAPITAL LETTER PE" anchors="bottomright" accents="descender-cy" />
	<glyph unicode="0420" name="Er-cy" sortName="cy022" decompose="P" category="Letter" subCategory="Uppercase" script="cyrillic" production="uni0420" altNames="Ercyrillic, afii10034" description="CYRILLIC CAPITAL LETTER ER" />
	<glyph unicode="0421" name="Es-cy" sortName="cy023" decompose="C" category="Letter" subCategory="Uppercase" script="cyrillic" production="uni0421" altNames="Escyrillic, afii10035" description="CYRILLIC CAPITAL LETTER ES" anchors="bottomright" accents="descender-cy" />
	<glyph unicode="0422" name="Te-cy" sortName="cy024" decompose="T" category="Letter" subCategory="Uppercase" script="cyrillic" production="uni0422" altNames="Tecyrillic, afii10036" description="CYRILLIC CAPITAL LETTER TE" anchors="bottomright" accents="descender-cy" />
	<glyph unicode="0423" name="U-cy" sortName="cy025" category="Letter" subCategory="Uppercase" script="cyrillic" production="uni0423" altNames="Ucyrillic, afii10037" description="CYRILLIC CAPITAL LETTER U" anchors="top" accents="brevecomb-cy, dieresiscomb, hungarumlautcomb, macroncomb" />
	<glyph unicode="040E" name="Ushort-cy" sortName="cy026" decompose="U-cy, brevecomb-cy" category="Letter" subCategory="Uppercase" script="cyrillic" production="uni040E" altNames="Ushortcyrillic, afii10062" description="CYRILLIC CAPITAL LETTER SHORT U" />
	<glyph unicode="0424" name="Ef-cy" sortName="cy027" category="Letter" subCategory="Uppercase" script="cyrillic" production="uni0424" altNames="Efcyrillic, afii10038" description="CYRILLIC CAPITAL LETTER EF" />
	<glyph unicode="0425" name="Ha-cy" sortName="cy028" decompose="X" category="Letter" subCategory="Uppercase" script="cyrillic" production="uni0425" altNames="Khacyrillic, afii10039" description="CYRILLIC CAPITAL LETTER HA" anchors="bottomright" accents="descender-cy" />
	<glyph unicode="0427" name="Che-cy" sortName="cy029" category="Letter" subCategory="Uppercase" script="cyrillic" production="uni0427" altNames="Checyrillic, afii10041" description="CYRILLIC CAPITAL LETTER CHE" anchors="top, center, bottomright" accents="descender-cy, dieresiscomb, verticalbar-cy" />
	<glyph unicode="0426" name="Tse-cy" sortName="cy030" category="Letter" subCategory="Uppercase" script="cyrillic" production="uni0426" altNames="Tsecyrillic, afii10040" description="CYRILLIC CAPITAL LETTER TSE" />
	<glyph unicode="0428" name="Sha-cy" sortName="cy031" category="Letter" subCategory="Uppercase" script="cyrillic" production="uni0428" altNames="Shacyrillic, afii10042" description="CYRILLIC CAPITAL LETTER SHA" />
	<glyph unicode="0429" name="Shcha-cy" sortName="cy032" category="Letter" subCategory="Uppercase" script="cyrillic" production="uni0429" altNames="Shchacyrillic, afii10043" description="CYRILLIC CAPITAL LETTER SHCHA" />
	<glyph unicode="040F" name="Dzhe-cy" sortName="cy033" category="Letter" subCategory="Uppercase" script="cyrillic" production="uni040F" altNames="Dzhecyrillic, afii10145" description="CYRILLIC CAPITAL LETTER DZHE" />
	<glyph unicode="042C" name="Softsign-cy" sortName="cy034" category="Letter" subCategory="Uppercase" script="cyrillic" production="uni042C" altNames="Softsigncyrillic, afii10046" description="CYRILLIC CAPITAL LETTER SOFT SIGN" />
	<glyph unicode="042A" name="Hardsign-cy" sortName="cy035" category="Letter" subCategory="Uppercase" script="cyrillic" production="uni042A" altNames="Hardsigncyrillic, afii10044" description="CYRILLIC CAPITAL LETTER HARD SIGN" />
	<glyph unicode="042B" name="Yeru-cy" sortName="cy036" category="Letter" subCategory="Uppercase" script="cyrillic" production="uni042B" altNames="Yericyrillic, afii10045" description="CYRILLIC CAPITAL LETTER YERU" anchors="top" accents="dieresiscomb" />
	<glyph unicode="0409" name="Lje-cy" sortName="cy037" category="Letter" subCategory="Uppercase" script="cyrillic" production="uni0409" altNames="Ljecyrillic, afii10058" description="CYRILLIC CAPITAL LETTER LJE" />
	<glyph unicode="040A" name="Nje-cy" sortName="cy038" category="Letter" subCategory="Uppercase" script="cyrillic" production="uni040A" altNames="Njecyrillic, afii10059" description="CYRILLIC CAPITAL LETTER NJE" />
	<glyph unicode="0405" name="Dze-cy" sortName="cy039" decompose="S" category="Letter" subCategory="Uppercase" script="cyrillic" production="uni0405" altNames="Dzecyrillic, afii10054" description="CYRILLIC CAPITAL LETTER DZE" />
	<glyph unicode="0404" name="E-cy" sortName="cy040" category="Letter" subCategory="Uppercase" script="cyrillic" production="uni0404" altNames="Ecyrillic, afii10053" description="CYRILLIC CAPITAL LETTER UKRAINIAN IE" />
	<glyph unicode="042D" name="Ereversed-cy" sortName="cy041" category="Letter" subCategory="Uppercase" script="cyrillic" production="uni042D" altNames="Ereversedcyrillic, afii10047" description="CYRILLIC CAPITAL LETTER E" anchors="top" accents="dieresiscomb" />
	<glyph unicode="0406" name="I-cy" sortName="cy042" decompose="I" category="Letter" subCategory="Uppercase" script="cyrillic" production="uni0406" altNames="Icyrillic, afii10055" description="CYRILLIC CAPITAL LETTER BYELORUSSIAN-UKRAINIAN I" anchors="top" accents="dieresiscomb" />
	<glyph unicode="0407" name="Yi-cy" sortName="cy043" decompose="I, dieresiscomb" category="Letter" subCategory="Uppercase" script="cyrillic" production="uni0407" altNames="Yicyrillic, afii10056" description="CYRILLIC CAPITAL LETTER YI" />
	<glyph unicode="0408" name="Je-cy" sortName="cy044" decompose="J" category="Letter" subCategory="Uppercase" script="cyrillic" production="uni0408" altNames="Jecyrillic, afii10057" description="CYRILLIC CAPITAL LETTER JE" />
	<glyph unicode="040B" name="Tshe-cy" sortName="cy045" category="Letter" subCategory="Uppercase" script="cyrillic" production="uni040B" altNames="Tshecyrillic, afii10060" description="CYRILLIC CAPITAL LETTER TSHE" />
	<glyph unicode="042E" name="Iu-cy" sortName="cy046" category="Letter" subCategory="Uppercase" script="cyrillic" production="uni042E" altNames="IUcyrillic, afii10048" description="CYRILLIC CAPITAL LETTER YU" anchors="top" accents="acutecomb" />
	<glyph unicode="042F" name="Ia-cy" sortName="cy047" category="Letter" subCategory="Uppercase" script="cyrillic" production="uni042F" altNames="IAcyrillic, afii10049" description="CYRILLIC CAPITAL LETTER YA" anchors="top" accents="acutecomb" />
	<glyph unicode="0402" name="Dje-cy" sortName="cy048" category="Letter" subCategory="Uppercase" script="cyrillic" production="uni0402" altNames="Djecyrillic, afii10051" description="CYRILLIC CAPITAL LETTER DJE" />
	<glyph unicode="0430" name="a-cy" sortName="cy049" decompose="a" category="Letter" subCategory="Lowercase" script="cyrillic" production="uni0430" altNames="acyrillic, afii10065" description="CYRILLIC SMALL LETTER A" anchors="top" accents="brevecomb-cy, dieresiscomb, acutecomb" />
	<glyph unicode="0431" name="be-cy" sortName="cy050" category="Letter" subCategory="Lowercase" script="cyrillic" production="uni0431" altNames="afii10066, becyrillic" description="CYRILLIC SMALL LETTER BE" />
	<glyph unicode="0432" name="ve-cy" sortName="cy051" category="Letter" subCategory="Lowercase" script="cyrillic" production="uni0432" altNames="afii10067, vecyrillic" description="CYRILLIC SMALL LETTER VE" />
	<glyph unicode="0433" name="ge-cy" sortName="cy052" category="Letter" subCategory="Lowercase" script="cyrillic" production="uni0433" altNames="afii10068, gecyrillic" description="CYRILLIC SMALL LETTER GHE" anchors="top, center, bottomright" accents="acutecomb, descender-cy" />
	<glyph unicode="0453" name="gje-cy" sortName="cy053" decompose="ge-cy, acutecomb" category="Letter" subCategory="Lowercase" script="cyrillic" production="uni0453" altNames="afii10100, gjecyrillic" description="CYRILLIC SMALL LETTER GJE" />
	<glyph unicode="0491" name="gheupturn-cy" sortName="cy054" category="Letter" subCategory="Lowercase" script="cyrillic" production="uni0491" altNames="afii10098, gheupturncyrillic" description="CYRILLIC SMALL LETTER GHE WITH UPTURN" />
	<glyph unicode="0434" name="de-cy" sortName="cy055" category="Letter" subCategory="Lowercase" script="cyrillic" production="uni0434" altNames="afii10069, decyrillic" description="CYRILLIC SMALL LETTER DE" />
	<glyph unicode="0435" name="ie-cy" sortName="cy056" decompose="e" category="Letter" subCategory="Lowercase" script="cyrillic" production="uni0435" altNames="afii10070, iecyrillic" description="CYRILLIC SMALL LETTER IE" anchors="top" accents="brevecomb-cy, dieresiscomb, gravecomb, acutecomb" />
	<glyph unicode="0450" name="iegrave-cy" sortName="cy057" decompose="ie-cy, gravecomb" category="Letter" subCategory="Lowercase" script="cyrillic" production="uni0450" description="CYRILLIC SMALL LETTER IE WITH GRAVE" />
	<glyph unicode="0451" name="io-cy" sortName="cy058" decompose="ie-cy, dieresiscomb" category="Letter" subCategory="Lowercase" script="cyrillic" production="uni0451" altNames="afii10071, iocyrillic" description="CYRILLIC SMALL LETTER IO" />
	<glyph unicode="0436" name="zhe-cy" sortName="cy059" category="Letter" subCategory="Lowercase" script="cyrillic" production="uni0436" altNames="afii10072, zhecyrillic" description="CYRILLIC SMALL LETTER ZHE" anchors="top, bottomright" accents="brevecomb-cy, descender-cy, dieresiscomb" />
	<glyph unicode="0437" name="ze-cy" sortName="cy060" category="Letter" subCategory="Lowercase" script="cyrillic" production="uni0437" altNames="afii10073, zecyrillic" description="CYRILLIC SMALL LETTER ZE" anchors="top, bottom" accents="cedillacomb, dieresiscomb" />
	<glyph unicode="0438" name="ii-cy" sortName="cy061" category="Letter" subCategory="Lowercase" script="cyrillic" production="uni0438" altNames="afii10074, iicyrillic" description="CYRILLIC SMALL LETTER I" anchors="top, bottomright" accents="brevecomb-cy, dieresiscomb, gravecomb, macroncomb, tail-cy" />
	<glyph unicode="0439" name="iishort-cy" sortName="cy062" decompose="ii-cy, brevecomb-cy" category="Letter" subCategory="Lowercase" script="cyrillic" production="uni0439" altNames="afii10075, iishortcyrillic" description="CYRILLIC SMALL LETTER SHORT I" />
	<glyph unicode="045D" name="iigrave-cy" sortName="cy063" decompose="ii-cy, gravecomb" category="Letter" subCategory="Lowercase" script="cyrillic" production="uni045D" description="CYRILLIC SMALL LETTER I WITH GRAVE" />
	<glyph unicode="048B" name="iishorttail-cy" sortName="cy063" decompose="ii-cy, brevecomb-cy, tail-cy" category="Letter" subCategory="Lowercase" script="cyrillic" production="uni048B" description="CYRILLIC SMALL LETTER SHORT I WITH TAIL" />
	<glyph unicode="043A" name="ka-cy" sortName="cy064" category="Letter" subCategory="Lowercase" script="cyrillic" production="uni043A" altNames="afii10076, kacyrillic" description="CYRILLIC SMALL LETTER KA" anchors="top, center, bottomright" accents="acutecomb, descender-cy, verticalbar-cy" />
	<glyph unicode="045C" name="kje-cy" sortName="cy065" decompose="ka-cy, acutecomb" category="Letter" subCategory="Lowercase" script="cyrillic" production="uni045C" altNames="afii10109, kjecyrillic" description="CYRILLIC SMALL LETTER KJE" />
	<glyph unicode="043B" name="el-cy" sortName="cy066" category="Letter" subCategory="Lowercase" script="cyrillic" production="uni043B" altNames="afii10077, elcyrillic" description="CYRILLIC SMALL LETTER EL" anchors="bottomright" accents="tail-cy"/>
	<glyph unicode="043C" name="em-cy" sortName="cy067" category="Letter" subCategory="Lowercase" script="cyrillic" production="uni043C" altNames="afii10078, emcyrillic" description="CYRILLIC SMALL LETTER EM" anchors="bottomright" accents="tail-cy"/>
	<glyph unicode="043D" name="en-cy" sortName="cy068" category="Letter" subCategory="Lowercase" script="cyrillic" production="uni043D" altNames="afii10079, encyrillic" description="CYRILLIC SMALL LETTER EN" anchors="bottomright" accents="descender-cy" />
	<glyph unicode="043E" name="o-cy" sortName="cy069" decompose="o" category="Letter" subCategory="Lowercase" script="cyrillic" production="uni043E" altNames="afii10080, ocyrillic" description="CYRILLIC SMALL LETTER O" anchors="top, center" accents="dieresiscomb, strokeshortcomb" />
	<glyph unicode="043F" name="pe-cy" sortName="cy070" category="Letter" subCategory="Lowercase" script="cyrillic" production="uni043F" altNames="afii10081, pecyrillic" description="CYRILLIC SMALL LETTER PE" anchors="bottomright" accents="descender-cy" />
	<glyph unicode="0440" name="er-cy" sortName="cy071" decompose="p" category="Letter" subCategory="Lowercase" script="cyrillic" production="uni0440" altNames="afii10082, ercyrillic" description="CYRILLIC SMALL LETTER ER" />
	<glyph unicode="0441" name="es-cy" sortName="cy072" decompose="c" category="Letter" subCategory="Lowercase" script="cyrillic" production="uni0441" altNames="afii10083, escyrillic" description="CYRILLIC SMALL LETTER ES" anchors="bottomright" accents="descender-cy" />
	<glyph unicode="0442" name="te-cy" sortName="cy073" category="Letter" subCategory="Lowercase" script="cyrillic" production="uni0442" altNames="afii10084, tecyrillic" description="CYRILLIC SMALL LETTER TE" anchors="bottomright" accents="descender-cy" />
	<glyph unicode="0443" name="u-cy" sortName="cy074" decompose="y" category="Letter" subCategory="Lowercase" script="cyrillic" production="uni0443" altNames="afii10085, ucyrillic" description="CYRILLIC SMALL LETTER U" anchors="top" accents="brevecomb-cy, dieresiscomb, hungarumlautcomb, macroncomb" />
	<glyph unicode="045E" name="ushort-cy" sortName="cy075" decompose="u-cy, brevecomb-cy" category="Letter" subCategory="Lowercase" script="cyrillic" production="uni045E" altNames="afii10110, ushortcyrillic" description="CYRILLIC SMALL LETTER SHORT U" />
	<glyph unicode="0444" name="ef-cy" sortName="cy076" category="Letter" subCategory="Lowercase" script="cyrillic" production="uni0444" altNames="afii10086, efcyrillic" description="CYRILLIC SMALL LETTER EF" />
	<glyph unicode="0445" name="ha-cy" sortName="cy077" decompose="x" category="Letter" subCategory="Lowercase" script="cyrillic" production="uni0445" altNames="afii10087, khacyrillic" description="CYRILLIC SMALL LETTER HA" anchors="bottomright" accents="descender-cy" />
	<glyph unicode="0447" name="che-cy" sortName="cy078" category="Letter" subCategory="Lowercase" script="cyrillic" production="uni0447" altNames="afii10089, checyrillic" description="CYRILLIC SMALL LETTER CHE" anchors="top, center, bottomright" accents="descender-cy, dieresiscomb, verticalbar-cy" />
	<glyph unicode="0446" name="tse-cy" sortName="cy079" category="Letter" subCategory="Lowercase" script="cyrillic" production="uni0446" altNames="afii10088, tsecyrillic" description="CYRILLIC SMALL LETTER TSE" />
	<glyph unicode="0448" name="sha-cy" sortName="cy080" category="Letter" subCategory="Lowercase" script="cyrillic" production="uni0448" altNames="afii10090, shacyrillic" description="CYRILLIC SMALL LETTER SHA" />
	<glyph unicode="0449" name="shcha-cy" sortName="cy081" category="Letter" subCategory="Lowercase" script="cyrillic" production="uni0449" altNames="afii10091, shchacyrillic" description="CYRILLIC SMALL LETTER SHCHA" />
	<glyph unicode="045F" name="dzhe-cy" sortName="cy082" category="Letter" subCategory="Lowercase" script="cyrillic" production="uni045F" altNames="afii10193, dzhecyrillic" description="CYRILLIC SMALL LETTER DZHE" />
	<glyph unicode="044C" name="softsign-cy" sortName="cy083" category="Letter" subCategory="Lowercase" script="cyrillic" production="uni044C" altNames="afii10094, softsigncyrillic" description="CYRILLIC SMALL LETTER SOFT SIGN" />
	<glyph unicode="044A" name="hardsign-cy" sortName="cy084" category="Letter" subCategory="Lowercase" script="cyrillic" production="uni044A" altNames="afii10092, hardsigncyrillic" description="CYRILLIC SMALL LETTER HARD SIGN" />
	<glyph unicode="044B" name="yeru-cy" sortName="cy085" decompose="softsign-cy, idotless" category="Letter" subCategory="Lowercase" script="cyrillic" production="uni044B" altNames="afii10093, yericyrillic" description="CYRILLIC SMALL LETTER YERU" anchors="top" accents="dieresiscomb" />
	<glyph unicode="0459" name="lje-cy" sortName="cy086" category="Letter" subCategory="Lowercase" script="cyrillic" production="uni0459" altNames="afii10106, ljecyrillic" description="CYRILLIC SMALL LETTER LJE" />
	<glyph unicode="045A" name="nje-cy" sortName="cy087" category="Letter" subCategory="Lowercase" script="cyrillic" production="uni045A" altNames="afii10107, njecyrillic" description="CYRILLIC SMALL LETTER NJE" />
	<glyph unicode="0455" name="dze-cy" sortName="cy088" decompose="s" category="Letter" subCategory="Lowercase" script="cyrillic" production="uni0455" altNames="afii10102, dzecyrillic" description="CYRILLIC SMALL LETTER DZE" />
	<glyph unicode="0454" name="e-cy" sortName="cy089" category="Letter" subCategory="Lowercase" script="cyrillic" production="uni0454" altNames="afii10101, ecyrillic" description="CYRILLIC SMALL LETTER UKRAINIAN IE" />
	<glyph unicode="044D" name="ereversed-cy" sortName="cy090" category="Letter" subCategory="Lowercase" script="cyrillic" production="uni044D" altNames="afii10095, ereversedcyrillic" description="CYRILLIC SMALL LETTER E" anchors="top" accents="dieresiscomb" />
	<glyph unicode="0456" name="i-cy" sortName="cy091" decompose="i" category="Letter" subCategory="Lowercase" script="cyrillic" production="uni0456" altNames="afii10103, icyrillic" description="CYRILLIC SMALL LETTER BYELORUSSIAN-UKRAINIAN I" anchors="top" accents="dieresiscomb" />
	<glyph unicode="0457" name="yi-cy" sortName="cy092" decompose="idotless, dieresiscomb" category="Letter" subCategory="Lowercase" script="cyrillic" production="uni0457" altNames="afii10104, yicyrillic" description="CYRILLIC SMALL LETTER YI" />
	<glyph unicode="0458" name="je-cy" sortName="cy093" decompose="j" category="Letter" subCategory="Lowercase" script="cyrillic" production="uni0458" altNames="afii10105, jecyrillic" description="CYRILLIC SMALL LETTER JE" />
	<glyph unicode="045B" name="tshe-cy" sortName="cy094" category="Letter" subCategory="Lowercase" script="cyrillic" production="uni045B" altNames="afii10108, tshecyrillic" description="CYRILLIC SMALL LETTER TSHE" />
	<glyph unicode="044E" name="iu-cy" sortName="cy095" category="Letter" subCategory="Lowercase" script="cyrillic" production="uni044E" altNames="afii10096, iucyrillic" description="CYRILLIC SMALL LETTER YU" anchors="top" accents="acutecomb" />
	<glyph unicode="044F" name="ia-cy" sortName="cy096" category="Letter" subCategory="Lowercase" script="cyrillic" production="uni044F" altNames="afii10097, iacyrillic" description="CYRILLIC SMALL LETTER YA" anchors="top" accents="acutecomb" />
	<glyph unicode="0452" name="dje-cy" sortName="cy097" category="Letter" subCategory="Lowercase" script="cyrillic" production="uni0452" altNames="afii10099, djecyrillic" description="CYRILLIC SMALL LETTER DJE" />
	<glyph unicode="0460" name="Omega-cy" sortName="cy098" category="Letter" subCategory="Uppercase" script="cyrillic" production="uni0460" altNames="Omegacyrillic" description="CYRILLIC CAPITAL LETTER OMEGA" />
	<glyph unicode="0461" name="omega-cy" sortName="cy099" category="Letter" subCategory="Lowercase" script="cyrillic" production="uni0461" altNames="omegacyrillic" description="CYRILLIC SMALL LETTER OMEGA" />
	<glyph unicode="0462" name="Yat-cy" decompose="Softsign-cy, strokeshortcomb" sortName="cy100" category="Letter" subCategory="Uppercase" script="cyrillic" production="uni0462" altNames="Yatcyrillic, afii10146" description="CYRILLIC CAPITAL LETTER YAT" />
	<glyph unicode="0463" name="yat-cy" decompose="softsign-cy, strokeshortcomb" sortName="cy101" category="Letter" subCategory="Lowercase" script="cyrillic" production="uni0463" altNames="afii10194, yatcyrillic" description="CYRILLIC SMALL LETTER YAT" />
	<glyph unicode="0464" name="Eiotified-cy" sortName="cy102" category="Letter" subCategory="Uppercase" script="cyrillic" production="uni0464" altNames="Eiotifiedcyrillic" description="CYRILLIC CAPITAL LETTER IOTIFIED E" />
	<glyph unicode="0465" name="eiotified-cy" sortName="cy103" category="Letter" subCategory="Lowercase" script="cyrillic" production="uni0465" altNames="eiotifiedcyrillic" description="CYRILLIC SMALL LETTER IOTIFIED E" />
	<glyph unicode="0466" name="Yuslittle-cy" sortName="cy104" category="Letter" subCategory="Uppercase" script="cyrillic" production="uni0466" altNames="Yuslittlecyrillic" description="CYRILLIC CAPITAL LETTER LITTLE YUS" />
	<glyph unicode="0467" name="yuslittle-cy" sortName="cy105" category="Letter" subCategory="Lowercase" script="cyrillic" production="uni0467" altNames="yuslittlecyrillic" description="CYRILLIC SMALL LETTER LITTLE YUS" />
	<glyph unicode="0468" name="Yuslittleiotified-cy" sortName="cy106" category="Letter" subCategory="Uppercase" script="cyrillic" production="uni0468" altNames="Yuslittleiotifiedcyrillic" description="CYRILLIC CAPITAL LETTER IOTIFIED LITTLE YUS" />
	<glyph unicode="0469" name="yuslittleiotified-cy" sortName="cy107" category="Letter" subCategory="Lowercase" script="cyrillic" production="uni0469" altNames="yuslittleiotifiedcyrillic" description="CYRILLIC SMALL LETTER IOTIFIED LITTLE YUS" />
	<glyph unicode="046A" name="Yusbig-cy" decompose="Zhe-cy, V" sortName="cy108" category="Letter" subCategory="Uppercase" script="cyrillic" production="uni046A" altNames="Yusbigcyrillic" description="CYRILLIC CAPITAL LETTER BIG YUS" />
	<glyph unicode="046B" name="yusbig-cy" decompose="zhe-cy, v" sortName="cy109" category="Letter" subCategory="Lowercase" script="cyrillic" production="uni046B" altNames="yusbigcyrillic" description="CYRILLIC SMALL LETTER BIG YUS" />
	<glyph unicode="046C" name="Yusbigiotified-cy" sortName="cy110" category="Letter" subCategory="Uppercase" script="cyrillic" production="uni046C" altNames="Yusbigiotifiedcyrillic" description="CYRILLIC CAPITAL LETTER IOTIFIED BIG YUS" />
	<glyph unicode="046D" name="yusbigiotified-cy" sortName="cy111" category="Letter" subCategory="Lowercase" script="cyrillic" production="uni046D" altNames="yusbigiotifiedcyrillic" description="CYRILLIC SMALL LETTER IOTIFIED BIG YUS" />
	<glyph unicode="046E" name="Ksi-cy" sortName="cy112" category="Letter" subCategory="Uppercase" script="cyrillic" production="uni046E" altNames="Ksicyrillic" description="CYRILLIC CAPITAL LETTER KSI" />
	<glyph unicode="046F" name="ksi-cy" sortName="cy113" category="Letter" subCategory="Lowercase" script="cyrillic" production="uni046F" altNames="ksicyrillic" description="CYRILLIC SMALL LETTER KSI" />
	<glyph unicode="0470" name="Psi-cy" sortName="cy114" category="Letter" subCategory="Uppercase" script="cyrillic" production="uni0470" altNames="Psicyrillic" description="CYRILLIC CAPITAL LETTER PSI" />
	<glyph unicode="0471" name="psi-cy" sortName="cy115" category="Letter" subCategory="Lowercase" script="cyrillic" production="uni0471" altNames="psicyrillic" description="CYRILLIC SMALL LETTER PSI" />
	<glyph unicode="0472" name="Fita-cy" decompose="Obarred-cy" sortName="cy116" category="Letter" subCategory="Uppercase" script="cyrillic" production="uni0472" altNames="Fitacyrillic, afii10147" description="CYRILLIC CAPITAL LETTER FITA" />
	<glyph unicode="0473" name="fita-cy" decompose="obarred-cy" sortName="cy117" category="Letter" subCategory="Lowercase" script="cyrillic" production="uni0473" altNames="afii10195, fitacyrillic" description="CYRILLIC SMALL LETTER FITA" />
	<glyph unicode="0474" name="Izhitsa-cy" decompose="V" sortName="cy118" category="Letter" subCategory="Uppercase" script="cyrillic" production="uni0474" altNames="Izhitsacyrillic, afii10148" description="CYRILLIC CAPITAL LETTER IZHITSA" anchors="top" accents="dblgravecomb" />
	<glyph unicode="0475" name="izhitsa-cy" decompose="v" sortName="cy119" category="Letter" subCategory="Lowercase" script="cyrillic" production="uni0475" altNames="afii10196, izhitsacyrillic" description="CYRILLIC SMALL LETTER IZHITSA" anchors="top" accents="dblgravecomb" />
	<glyph unicode="0476" name="Izhitsadblgrave-cy" sortName="cy120" decompose="Izhitsa-cy, dblgravecomb" category="Letter" subCategory="Uppercase" script="cyrillic" production="uni0476" altNames="Izhitsadblgravecyrillic" description="CYRILLIC CAPITAL LETTER IZHITSA WITH DOUBLE GRAVE ACCENT" />
	<glyph unicode="0477" name="izhitsadblgrave-cy" sortName="cy121" decompose="izhitsa-cy, dblgravecomb" category="Letter" subCategory="Lowercase" script="cyrillic" production="uni0477" altNames="izhitsadblgravecyrillic" description="CYRILLIC SMALL LETTER IZHITSA WITH DOUBLE GRAVE ACCENT" />
	<glyph unicode="0478" name="Uk-cy" sortName="cy122" category="Letter" subCategory="Uppercase" script="cyrillic" production="uni0478" altNames="Ukcyrillic" description="CYRILLIC CAPITAL LETTER UK" />
	<glyph unicode="0479" name="uk-cy" sortName="cy123" category="Letter" subCategory="Lowercase" script="cyrillic" production="uni0479" altNames="ukcyrillic" description="CYRILLIC SMALL LETTER UK" />
	<glyph unicode="0492" decompose="Ge-cy, strokeshortcomb" name="Ghestroke-cy" sortName="cy124" category="Letter" subCategory="Uppercase" script="cyrillic" production="uni0492" altNames="Ghestrokecyrillic" description="CYRILLIC CAPITAL LETTER GHE WITH STROKE" />
	<glyph unicode="0493" name="ghestroke-cy" decompose="ge-cy, strokeshortcomb" sortName="cy125" category="Letter" subCategory="Lowercase" script="cyrillic" production="uni0493" altNames="ghestrokecyrillic" description="CYRILLIC SMALL LETTER GHE WITH STROKE" />
	<glyph unicode="0494" name="Ghemiddlehook-cy" sortName="cy126" category="Letter" subCategory="Uppercase" script="cyrillic" production="uni0494" altNames="Ghemiddlehookcyrillic" description="CYRILLIC CAPITAL LETTER GHE WITH MIDDLE HOOK" />
	<glyph unicode="0495" name="ghemiddlehook-cy" sortName="cy127" category="Letter" subCategory="Lowercase" script="cyrillic" production="uni0495" altNames="ghemiddlehookcyrillic" description="CYRILLIC SMALL LETTER GHE WITH MIDDLE HOOK" />
	<glyph unicode="0496" name="Zhedescender-cy" sortName="cy128" decompose="Zhe-cy, descender-cy" category="Letter" subCategory="Uppercase" script="cyrillic" production="uni0496" altNames="Zhedescendercyrillic" description="CYRILLIC CAPITAL LETTER ZHE WITH DESCENDER" />
	<glyph unicode="0497" name="zhedescender-cy" sortName="cy129" decompose="zhe-cy, descender-cy" category="Letter" subCategory="Lowercase" script="cyrillic" production="uni0497" altNames="zhedescendercyrillic" description="CYRILLIC SMALL LETTER ZHE WITH DESCENDER" />
	<glyph unicode="0498" name="Zedescender-cy" sortName="cy130" decompose="Ze-cy, cedillacomb" category="Letter" subCategory="Uppercase" script="cyrillic" production="uni0498" altNames="Zedescendercyrillic" description="CYRILLIC CAPITAL LETTER ZE WITH DESCENDER" />
	<glyph unicode="0499" name="zedescender-cy" sortName="cy131" decompose="ze-cy, cedillacomb" category="Letter" subCategory="Lowercase" script="cyrillic" production="uni0499" altNames="zedescendercyrillic" description="CYRILLIC SMALL LETTER ZE WITH DESCENDER" />
	<glyph unicode="049A" name="Kadescender-cy" sortName="cy132" decompose="Ka-cy, descender-cy" category="Letter" subCategory="Uppercase" script="cyrillic" production="uni049A" altNames="Kadescendercyrillic" description="CYRILLIC CAPITAL LETTER KA WITH DESCENDER" />
	<glyph unicode="049B" name="kadescender-cy" sortName="cy133" decompose="ka-cy, descender-cy" category="Letter" subCategory="Lowercase" script="cyrillic" production="uni049B" altNames="kadescendercyrillic" description="CYRILLIC SMALL LETTER KA WITH DESCENDER" />
	<glyph unicode="049C" name="Kaverticalstroke-cy" decompose="Ka-cy, verticalbar-cy.case" sortName="cy134" category="Letter" subCategory="Uppercase" script="cyrillic" production="uni049C" altNames="Kaverticalstrokecyrillic" description="CYRILLIC CAPITAL LETTER KA WITH VERTICAL STROKE" />
	<glyph unicode="049D" name="kaverticalstroke-cy" decompose="ka-cy, verticalbar-cy" sortName="cy135" category="Letter" subCategory="Lowercase" script="cyrillic" production="uni049D" altNames="kaverticalstrokecyrillic" description="CYRILLIC SMALL LETTER KA WITH VERTICAL STROKE" />
	<glyph unicode="049E" name="Kastroke-cy" sortName="cy136" category="Letter" subCategory="Uppercase" script="cyrillic" production="uni049E" altNames="Kastrokecyrillic" description="CYRILLIC CAPITAL LETTER KA WITH STROKE" />
	<glyph unicode="049F" name="kastroke-cy" sortName="cy137" category="Letter" subCategory="Lowercase" script="cyrillic" production="uni049F" altNames="kastrokecyrillic" description="CYRILLIC SMALL LETTER KA WITH STROKE" />
	<glyph unicode="04A0" name="Kabashkir-cy" decompose="Ka-cy, T" sortName="cy138" category="Letter" subCategory="Uppercase" script="cyrillic" production="uni04A0" altNames="Kabashkircyrillic" description="CYRILLIC CAPITAL LETTER BASHKIR KA" />
	<glyph unicode="04A1" name="kabashkir-cy" decompose="ka-cy, te-cy" sortName="cy139" category="Letter" subCategory="Lowercase" script="cyrillic" production="uni04A1" altNames="kabashkircyrillic" description="CYRILLIC SMALL LETTER BASHKIR KA" />
	<glyph unicode="04A2" name="Endescender-cy" sortName="cy140" decompose="En-cy, descender-cy" category="Letter" subCategory="Uppercase" script="cyrillic" production="uni04A2" altNames="Endescendercyrillic" description="CYRILLIC CAPITAL LETTER EN WITH DESCENDER" />
	<glyph unicode="04A3" name="endescender-cy" sortName="cy141" decompose="en-cy, descender-cy" category="Letter" subCategory="Lowercase" script="cyrillic" production="uni04A3" altNames="endescendercyrillic" description="CYRILLIC SMALL LETTER EN WITH DESCENDER" />
	<glyph unicode="04A4" name="Enghe-cy" decompose="En-cy, Ge-cy" sortName="cy142" category="Letter" subCategory="Ligature" script="cyrillic" production="uni04A4" altNames="Enghecyrillic" description="CYRILLIC CAPITAL LIGATURE EN GHE" />
	<glyph unicode="04A5" name="enghe-cy" decompose="en-cy, ge-cy" sortName="cy143" category="Letter" subCategory="Ligature" script="cyrillic" production="uni04A5" altNames="enghecyrillic" description="CYRILLIC SMALL LIGATURE EN GHE" />
	<glyph unicode="04A6" name="Pemiddlehook-cy" sortName="cy144" category="Letter" subCategory="Uppercase" script="cyrillic" production="uni04A6" altNames="Pemiddlehookcyrillic" description="CYRILLIC CAPITAL LETTER PE WITH MIDDLE HOOK" />
	<glyph unicode="04A7" name="pemiddlehook-cy" sortName="cy145" category="Letter" subCategory="Lowercase" script="cyrillic" production="uni04A7" altNames="pemiddlehookcyrillic" description="CYRILLIC SMALL LETTER PE WITH MIDDLE HOOK" />
	<glyph unicode="0524" name="Pedescender-cy" sortName="cy145" decompose="Pe-cy, descender-cy" category="Letter" subCategory="Uppercase" script="cyrillic" production="uni0524" description="CYRILLIC CAPITAL LETTER PE WITH DESCENDER" />
	<glyph unicode="0525" name="pedescender-cy" sortName="cy145" decompose="pe-cy, descender-cy" category="Letter" subCategory="Lowercase" script="cyrillic" production="uni0525" description="CYRILLIC SMALL LETTER PE WITH DESCENDER" />
	<glyph unicode="04A8" name="Haabkhasian-cy" sortName="cy146" category="Letter" subCategory="Uppercase" script="cyrillic" production="uni04A8" altNames="Haabkhasiancyrillic" description="CYRILLIC CAPITAL LETTER ABKHASIAN HA" />
	<glyph unicode="04A9" name="haabkhasian-cy" sortName="cy147" category="Letter" subCategory="Lowercase" script="cyrillic" production="uni04A9" altNames="haabkhasiancyrillic" description="CYRILLIC SMALL LETTER ABKHASIAN HA" />
	<glyph unicode="04AA" name="Esdescender-cy" sortName="cy148" decompose="Es-cy, descender-cy" category="Letter" subCategory="Uppercase" script="cyrillic" production="uni04AA" altNames="Esdescendercyrillic" description="CYRILLIC CAPITAL LETTER ES WITH DESCENDER" />
	<glyph unicode="04AB" name="esdescender-cy" sortName="cy149" decompose="es-cy, descender-cy" category="Letter" subCategory="Lowercase" script="cyrillic" production="uni04AB" altNames="esdescendercyrillic" description="CYRILLIC SMALL LETTER ES WITH DESCENDER" />
	<glyph unicode="04AC" name="Tedescender-cy" sortName="cy150" decompose="Te-cy, descender-cy" category="Letter" subCategory="Uppercase" script="cyrillic" production="uni04AC" altNames="Tedescendercyrillic" description="CYRILLIC CAPITAL LETTER TE WITH DESCENDER" />
	<glyph unicode="04AD" name="tedescender-cy" sortName="cy151" decompose="te-cy, descender-cy" category="Letter" subCategory="Lowercase" script="cyrillic" production="uni04AD" altNames="tedescendercyrillic" description="CYRILLIC SMALL LETTER TE WITH DESCENDER" />
	<glyph unicode="04AE" name="Ustrait-cy" sortName="cy152" decompose="Y" category="Letter" subCategory="Uppercase" script="cyrillic" production="uni04AE" altNames="Ustraightcyrillic" description="CYRILLIC CAPITAL LETTER STRAIGHT U" anchors="center" />
	<glyph unicode="04AF" name="ustrait-cy" sortName="cy153" decompose="v, p" category="Letter" subCategory="Lowercase" script="cyrillic" production="uni04AF" altNames="ustraightcyrillic" description="CYRILLIC SMALL LETTER STRAIGHT U" anchors="center" />
	<glyph unicode="04B0" name="Ustraitstroke-cy" sortName="cy154" decompose="Ustrait-cy, strokeshortcomb" category="Letter" subCategory="Uppercase" script="cyrillic" production="uni04B0" altNames="Ustraightstrokecyrillic" description="CYRILLIC CAPITAL LETTER STRAIGHT U WITH STROKE" />
	<glyph unicode="04B1" name="ustraitstroke-cy" decompose="ustrait-cy, strokeshortcomb" sortName="cy155" category="Letter" subCategory="Lowercase" script="cyrillic" production="uni04B1" altNames="ustraightstrokecyrillic" description="CYRILLIC SMALL LETTER STRAIGHT U WITH STROKE" />
	<glyph unicode="04B2" name="Hadescender-cy" sortName="cy156" decompose="Ha-cy, descender-cy.case" category="Letter" subCategory="Uppercase" script="cyrillic" production="uni04B2" altNames="Hadescendercyrillic" description="CYRILLIC CAPITAL LETTER HA WITH DESCENDER" />
	<glyph unicode="04B3" name="hadescender-cy" sortName="cy157" decompose="ha-cy, descender-cy" category="Letter" subCategory="Lowercase" script="cyrillic" production="uni04B3" altNames="hadescendercyrillic" description="CYRILLIC SMALL LETTER HA WITH DESCENDER" />
	<glyph unicode="04B4" name="Tetse-cy" sortName="cy158" category="Letter" subCategory="Ligature" script="cyrillic" production="uni04B4" altNames="Tetsecyrillic" description="CYRILLIC CAPITAL LIGATURE TE TSE" />
	<glyph unicode="04B5" name="tetse-cy" sortName="cy159" category="Letter" subCategory="Ligature" script="cyrillic" production="uni04B5" altNames="tetsecyrillic" description="CYRILLIC SMALL LIGATURE TE TSE" />
	<glyph unicode="04B6" name="Chedescender-cy" sortName="cy160" decompose="Che-cy, descender-cy" category="Letter" subCategory="Uppercase" script="cyrillic" production="uni04B6" altNames="Chedescendercyrillic" description="CYRILLIC CAPITAL LETTER CHE WITH DESCENDER" />
	<glyph unicode="04B7" name="chedescender-cy" sortName="cy161" decompose="che-cy, descender-cy" category="Letter" subCategory="Lowercase" script="cyrillic" production="uni04B7" altNames="chedescendercyrillic" description="CYRILLIC SMALL LETTER CHE WITH DESCENDER" />
	<glyph unicode="04B8" name="Cheverticalstroke-cy" decompose="Che-cy, verticalbar-cy.case"  sortName="cy162" category="Letter" subCategory="Uppercase" script="cyrillic" production="uni04B8" altNames="Cheverticalstrokecyrillic" description="CYRILLIC CAPITAL LETTER CHE WITH VERTICAL STROKE" />
	<glyph unicode="04B9" name="cheverticalstroke-cy" decompose="che-cy, verticalbar-cy" sortName="cy163" category="Letter" subCategory="Lowercase" script="cyrillic" production="uni04B9" altNames="cheverticalstrokecyrillic" description="CYRILLIC SMALL LETTER CHE WITH VERTICAL STROKE" />
	<glyph unicode="04BA" name="Shha-cy" decompose="Che-cy" sortName="cy164" category="Letter" subCategory="Uppercase" script="cyrillic" production="uni04BA" altNames="Shhacyrillic" description="CYRILLIC CAPITAL LETTER SHHA" anchors="bottomright" accents="descender-cy" />
	<glyph unicode="04BB" name="shha-cy" sortName="cy165" decompose="h" category="Letter" subCategory="Lowercase" script="cyrillic" production="uni04BB" altNames="shhacyrillic" description="CYRILLIC SMALL LETTER SHHA" anchors="bottomright" accents="descender-cy" />
	<glyph unicode="0526" name="Shhadescender-cy" sortName="cy165" decompose="Shha-cy, descender-cy" category="Letter" subCategory="Uppercase" script="cyrillic" production="uni0526" description="CYRILLIC CAPITAL LETTER SHHA WITH DESCENDER" />
	<glyph unicode="0527" name="shhadescender-cy" sortName="cy165" decompose="shha-cy, descender-cy" category="Letter" subCategory="Lowercase" script="cyrillic" production="uni0527" description="CYRILLIC SMALL LETTER SHHA WITH DESCENDER" />
	<glyph unicode="0528" name="EnLeftHook-cy" category="Letter" subCategory="Uppercase" script="cyrillic" production="uni0528" description="CYRILLIC CAPITAL LETTER EN WITH LEFT HOOK" />
	<glyph unicode="0529" name="enlefthook-cy" category="Letter" subCategory="Lowercase" script="cyrillic" production="uni0529" description="CYRILLIC SMALL LETTER EN WITH LEFT HOOK" />
	<glyph unicode="052A" name="Dzzhe-cy" category="Letter" subCategory="Uppercase" script="cyrillic" production="uni052A" description="CYRILLIC CAPITAL LETTER DZZHE" />
	<glyph unicode="052B" name="dzzhe-cy" category="Letter" subCategory="Lowercase" script="cyrillic" production="uni052B" description="CYRILLIC SMALL LETTER DZZHE" />
	<glyph unicode="052C" name="Dche-cy" category="Letter" subCategory="Uppercase" script="cyrillic" production="uni052C" description="CYRILLIC CAPITAL LETTER DCHE" />
	<glyph unicode="052D" name="dche-cy" category="Letter" subCategory="Lowercase" script="cyrillic" production="uni052D" description="CYRILLIC SMALL LETTER DCHE" />
	<glyph unicode="052E" name="Eldescender-cy" decompose="El-cy, descender-cy" category="Letter" subCategory="Uppercase" script="cyrillic" production="uni052E" description="CYRILLIC CAPITAL LETTER EL WITH DESCENDER" anchors="bottomright" accents="tail-cy.case"/>
	<glyph unicode="052F" name="eldescender-cy" decompose="el-cy, descender-cy" category="Letter" subCategory="Lowercase" script="cyrillic" production="uni052F" description="CYRILLIC SMALL LETTER EL WITH DESCENDER" />
	<glyph unicode="04BC" name="Cheabkhasian-cy" decompose="Che-cy, descender-cy.case" sortName="cy166" category="Letter" subCategory="Uppercase" script="cyrillic" production="uni04BC" altNames="Cheabkhasiancyrillic" description="CYRILLIC CAPITAL LETTER ABKHASIAN CHE" />
	<glyph unicode="04BD" name="cheabkhasian-cy" decompose="che-cy, descender-cy" sortName="cy167" category="Letter" subCategory="Lowercase" script="cyrillic" production="uni04BD" altNames="cheabkhasiancyrillic" description="CYRILLIC SMALL LETTER ABKHASIAN CHE" />
	<glyph unicode="04BE" name="Chedescenderabkhasian-cy" sortName="cy168" category="Letter" subCategory="Uppercase" script="cyrillic" production="uni04BE" altNames="Chedescenderabkhasiancyrillic" description="CYRILLIC CAPITAL LETTER ABKHASIAN CHE WITH DESCENDER" />
	<glyph unicode="04BF" name="chedescenderabkhasian-cy" sortName="cy169" category="Letter" subCategory="Lowercase" script="cyrillic" production="uni04BF" altNames="chedescenderabkhasiancyrillic" description="CYRILLIC SMALL LETTER ABKHASIAN CHE WITH DESCENDER" />
	<glyph unicode="04C0" name="Palochka-cy" sortName="cy170" decompose="I" category="Letter" subCategory="Uppercase" script="cyrillic" production="uni04C0" altNames="palochkacyrillic" description="CYRILLIC LETTER PALOCHKA" />
	<glyph unicode="04CF" name="palochka-cy" decompose="l" sortName="cy171" category="Letter" subCategory="Lowercase" script="cyrillic" production="uni04CF" description="CYRILLIC SMALL LETTER PALOCHKA" />
	<glyph unicode="04C1" name="Zhebreve-cy" sortName="cy172" decompose="Zhe-cy, brevecomb-cy" category="Letter" subCategory="Uppercase" script="cyrillic" production="uni04C1" altNames="Zhebrevecyrillic" description="CYRILLIC CAPITAL LETTER ZHE WITH BREVE" />
	<glyph unicode="04C2" name="zhebreve-cy" sortName="cy173" decompose="zhe-cy, brevecomb-cy" category="Letter" subCategory="Lowercase" script="cyrillic" production="uni04C2" altNames="zhebrevecyrillic" description="CYRILLIC SMALL LETTER ZHE WITH BREVE" />
	<glyph unicode="04DC" name="Zhedieresis-cy" sortName="cy198" decompose="Zhe-cy, dieresiscomb" category="Letter" subCategory="Uppercase" script="cyrillic" production="uni04DC" altNames="Zhedieresiscyrillic" description="CYRILLIC CAPITAL LETTER ZHE WITH DIAERESIS" />
	<glyph unicode="04DD" name="zhedieresis-cy" sortName="cy199" decompose="zhe-cy, dieresiscomb" category="Letter" subCategory="Lowercase" script="cyrillic" production="uni04DD" altNames="zhedieresiscyrillic" description="CYRILLIC SMALL LETTER ZHE WITH DIAERESIS" />
	<glyph unicode="04C3" name="Kahook-cy" sortName="cy174" category="Letter" subCategory="Uppercase" script="cyrillic" production="uni04C3" altNames="Kahookcyrillic" description="CYRILLIC CAPITAL LETTER KA WITH HOOK" />
	<glyph unicode="04C4" name="kahook-cy" sortName="cy175" category="Letter" subCategory="Lowercase" script="cyrillic" production="uni04C4" altNames="kahookcyrillic" description="CYRILLIC SMALL LETTER KA WITH HOOK" />
	<glyph unicode="04C5" name="Eltail-cy" decompose="El-cy, tail-cy.case" sortName="cy176" category="Letter" subCategory="Uppercase" script="cyrillic" production="uni04C5" description="CYRILLIC CAPITAL LETTER EL WITH TAIL"/>
	<glyph unicode="04C6" name="eltail-cy" decompose="el-cy, tail-cy" sortName="cy177" category="Letter" subCategory="Lowercase" script="cyrillic" production="uni04C6" description="CYRILLIC SMALL LETTER EL WITH TAIL" />
	<glyph unicode="04C7" name="Enhook-cy" sortName="cy178" category="Letter" subCategory="Uppercase" script="cyrillic" production="uni04C7" altNames="Enhookcyrillic" description="CYRILLIC CAPITAL LETTER EN WITH HOOK" />
	<glyph unicode="04C8" name="enhook-cy" sortName="cy179" category="Letter" subCategory="Lowercase" script="cyrillic" production="uni04C8" altNames="enhookcyrillic" description="CYRILLIC SMALL LETTER EN WITH HOOK" />
	<glyph unicode="04C9" name="Entail-cy" sortName="cy180" category="Letter" subCategory="Uppercase" script="cyrillic" production="uni04C9" description="CYRILLIC CAPITAL LETTER EN WITH TAIL" />
	<glyph unicode="04CA" name="entail-cy" sortName="cy181" category="Letter" subCategory="Lowercase" script="cyrillic" production="uni04CA" description="CYRILLIC SMALL LETTER EN WITH TAIL" />
	<glyph unicode="04CB" name="Chekhakassian-cy" decompose="Che-cy, descender-cy.case" sortName="cy182" category="Letter" subCategory="Uppercase" script="cyrillic" production="uni04CB" altNames="Chekhakassiancyrillic" description="CYRILLIC CAPITAL LETTER KHAKASSIAN CHE" />
	<glyph unicode="04CC" name="chekhakassian-cy" decompose="che-cy, descender-cy" sortName="cy183" category="Letter" subCategory="Lowercase" script="cyrillic" production="uni04CC" altNames="chekhakassiancyrillic" description="CYRILLIC SMALL LETTER KHAKASSIAN CHE" />
	<glyph unicode="04CD" name="Emtail-cy" sortName="cy184" category="Letter" subCategory="Uppercase" script="cyrillic" production="uni04CD" description="CYRILLIC CAPITAL LETTER EM WITH TAIL" />
	<glyph unicode="04CE" name="emtail-cy" sortName="cy185" category="Letter" subCategory="Lowercase" script="cyrillic" production="uni04CE" description="CYRILLIC SMALL LETTER EM WITH TAIL" />
	<glyph unicode="04D0" name="Abreve-cy" sortName="cy186" decompose="A-cy, brevecomb-cy" category="Letter" subCategory="Uppercase" script="cyrillic" production="uni04D0" altNames="Abrevecyrillic" description="CYRILLIC CAPITAL LETTER A WITH BREVE" />
	<glyph unicode="04D1" name="abreve-cy" sortName="cy187" decompose="a-cy, brevecomb-cy" category="Letter" subCategory="Lowercase" script="cyrillic" production="uni04D1" altNames="abrevecyrillic" description="CYRILLIC SMALL LETTER A WITH BREVE" />
	<glyph unicode="04D2" name="Adieresis-cy" sortName="cy188" decompose="A-cy, dieresiscomb" category="Letter" subCategory="Uppercase" script="cyrillic" production="uni04D2" altNames="Adieresiscyrillic" description="CYRILLIC CAPITAL LETTER A WITH DIAERESIS" />
	<glyph unicode="04D3" name="adieresis-cy" sortName="cy189" decompose="a-cy, dieresiscomb" category="Letter" subCategory="Lowercase" script="cyrillic" production="uni04D3" altNames="adieresiscyrillic" description="CYRILLIC SMALL LETTER A WITH DIAERESIS" />
	<glyph unicode="04D4" name="Aie-cy" sortName="cy190" decompose="AE" category="Letter" subCategory="Ligature" script="cyrillic" production="uni04D4" altNames="Aiecyrillic" description="CYRILLIC CAPITAL LIGATURE A IE" />
	<glyph unicode="04D5" name="aie-cy" sortName="cy191" decompose="ae" category="Letter" subCategory="Ligature" script="cyrillic" production="uni04D5" altNames="aiecyrillic" description="CYRILLIC SMALL LIGATURE A IE" />
	<glyph unicode="04D6" name="Iebreve-cy" sortName="cy192" decompose="Ie-cy, brevecomb-cy" category="Letter" subCategory="Uppercase" script="cyrillic" production="uni04D6" altNames="Iebrevecyrillic" description="CYRILLIC CAPITAL LETTER IE WITH BREVE" />
	<glyph unicode="04D7" name="iebreve-cy" sortName="cy193" decompose="ie-cy, brevecomb-cy" category="Letter" subCategory="Lowercase" script="cyrillic" production="uni04D7" altNames="iebrevecyrillic" description="CYRILLIC SMALL LETTER IE WITH BREVE" />
	<glyph unicode="04D8" name="Schwa-cy" decompose="O" sortName="cy194" category="Letter" subCategory="Uppercase" script="cyrillic" production="uni04D8" altNames="Schwacyrillic" description="CYRILLIC CAPITAL LETTER SCHWA" anchors="top" accents="dieresiscomb" />
	<glyph unicode="04D9" name="schwa-cy" decompose="e" sortName="cy195" category="Letter" subCategory="Lowercase" script="cyrillic" production="uni04D9" altNames="afii10846, schwacyrillic" description="CYRILLIC SMALL LETTER SCHWA" anchors="top" accents="dieresiscomb" />
	<glyph unicode="04DA" name="Schwadieresis-cy" sortName="cy196" decompose="Schwa-cy, dieresiscomb" category="Letter" subCategory="Uppercase" script="cyrillic" production="uni04DA" altNames="Schwadieresiscyrillic" description="CYRILLIC CAPITAL LETTER SCHWA WITH DIAERESIS" />
	<glyph unicode="04DB" name="schwadieresis-cy" sortName="cy197" decompose="schwa-cy, dieresiscomb" category="Letter" subCategory="Lowercase" script="cyrillic" production="uni04DB" altNames="schwadieresiscyrillic" description="CYRILLIC SMALL LETTER SCHWA WITH DIAERESIS" />
	<glyph unicode="04DE" name="Zedieresis-cy" sortName="cy200" decompose="Ze-cy, dieresiscomb" category="Letter" subCategory="Uppercase" script="cyrillic" production="uni04DE" altNames="Zedieresiscyrillic" description="CYRILLIC CAPITAL LETTER ZE WITH DIAERESIS" />
	<glyph unicode="04DF" name="zedieresis-cy" sortName="cy201" decompose="ze-cy, dieresiscomb" category="Letter" subCategory="Lowercase" script="cyrillic" production="uni04DF" altNames="zedieresiscyrillic" description="CYRILLIC SMALL LETTER ZE WITH DIAERESIS" />
	<glyph unicode="04E0" name="Dzeabkhasian-cy" sortName="cy202" category="Letter" subCategory="Uppercase" script="cyrillic" production="uni04E0" altNames="Dzeabkhasiancyrillic" description="CYRILLIC CAPITAL LETTER ABKHASIAN DZE" />
	<glyph unicode="04E1" name="dzeabkhasian-cy" sortName="cy203" category="Letter" subCategory="Lowercase" script="cyrillic" production="uni04E1" altNames="dzeabkhasiancyrillic" description="CYRILLIC SMALL LETTER ABKHASIAN DZE" />
	<glyph unicode="04E2" name="Imacron-cy" sortName="cy204" decompose="Ii-cy, macroncomb" category="Letter" subCategory="Uppercase" script="cyrillic" production="uni04E2" altNames="Imacroncyrillic" description="CYRILLIC CAPITAL LETTER I WITH MACRON" />
	<glyph unicode="04E3" name="imacron-cy" sortName="cy205" decompose="ii-cy, macroncomb" category="Letter" subCategory="Lowercase" script="cyrillic" production="uni04E3" altNames="imacroncyrillic" description="CYRILLIC SMALL LETTER I WITH MACRON" />
	<glyph unicode="04E4" name="Idieresis-cy" sortName="cy206" decompose="Ii-cy, dieresiscomb" category="Letter" subCategory="Uppercase" script="cyrillic" production="uni04E4" altNames="Idieresiscyrillic" description="CYRILLIC CAPITAL LETTER I WITH DIAERESIS" />
	<glyph unicode="04E5" name="idieresis-cy" sortName="cy207" decompose="ii-cy, dieresiscomb" category="Letter" subCategory="Lowercase" script="cyrillic" production="uni04E5" altNames="idieresiscyrillic" description="CYRILLIC SMALL LETTER I WITH DIAERESIS" />
	<glyph unicode="04E6" name="Odieresis-cy" sortName="cy208" decompose="O-cy, dieresiscomb" category="Letter" subCategory="Uppercase" script="cyrillic" production="uni04E6" altNames="Odieresiscyrillic" description="CYRILLIC CAPITAL LETTER O WITH DIAERESIS" />
	<glyph unicode="04E7" name="odieresis-cy" sortName="cy209" decompose="o-cy, dieresiscomb" category="Letter" subCategory="Lowercase" script="cyrillic" production="uni04E7" altNames="odieresiscyrillic" description="CYRILLIC SMALL LETTER O WITH DIAERESIS" />
	<glyph unicode="04E8" name="Obarred-cy" decompose="O-cy, strokeshortcomb" sortName="cy210" category="Letter" subCategory="Uppercase" script="cyrillic" production="uni04E8" altNames="Obarredcyrillic" description="CYRILLIC CAPITAL LETTER BARRED O" anchors="top" accents="dieresiscomb" />
	<glyph unicode="04E9" name="obarred-cy" decompose="o-cy, strokeshortcomb" sortName="cy211" category="Letter" subCategory="Lowercase" script="cyrillic" production="uni04E9" altNames="obarredcyrillic" description="CYRILLIC SMALL LETTER BARRED O" anchors="top" accents="dieresiscomb" />
	<glyph unicode="04EA" name="Obarreddieresis-cy" sortName="cy212" decompose="Obarred-cy, dieresiscomb" category="Letter" subCategory="Uppercase" script="cyrillic" production="uni04EA" altNames="Obarreddieresiscyrillic" description="CYRILLIC CAPITAL LETTER BARRED O WITH DIAERESIS" />
	<glyph unicode="04EB" name="obarreddieresis-cy" sortName="cy213" decompose="obarred-cy, dieresiscomb" category="Letter" subCategory="Lowercase" script="cyrillic" production="uni04EB" altNames="obarreddieresiscyrillic" description="CYRILLIC SMALL LETTER BARRED O WITH DIAERESIS" />
	<glyph unicode="04EC" name="Edieresis-cy" sortName="cy214" decompose="Ereversed-cy, dieresiscomb" category="Letter" subCategory="Uppercase" script="cyrillic" production="uni04EC" description="CYRILLIC CAPITAL LETTER E WITH DIAERESIS" />
	<glyph unicode="04ED" name="edieresis-cy" sortName="cy215" decompose="ereversed-cy, dieresiscomb" category="Letter" subCategory="Lowercase" script="cyrillic" production="uni04ED" description="CYRILLIC SMALL LETTER E WITH DIAERESIS" />
	<glyph unicode="04EE" name="Umacron-cy" sortName="cy216" decompose="U-cy, macroncomb" category="Letter" subCategory="Uppercase" script="cyrillic" production="uni04EE" altNames="Umacroncyrillic" description="CYRILLIC CAPITAL LETTER U WITH MACRON" />
	<glyph unicode="04EF" name="umacron-cy" sortName="cy217" decompose="u-cy, macroncomb" category="Letter" subCategory="Lowercase" script="cyrillic" production="uni04EF" altNames="umacroncyrillic" description="CYRILLIC SMALL LETTER U WITH MACRON" />
	<glyph unicode="04F0" name="Udieresis-cy" sortName="cy218" decompose="U-cy, dieresiscomb" category="Letter" subCategory="Uppercase" script="cyrillic" production="uni04F0" altNames="Udieresiscyrillic" description="CYRILLIC CAPITAL LETTER U WITH DIAERESIS" />
	<glyph unicode="04F1" name="udieresis-cy" sortName="cy219" decompose="u-cy, dieresiscomb" category="Letter" subCategory="Lowercase" script="cyrillic" production="uni04F1" altNames="udieresiscyrillic" description="CYRILLIC SMALL LETTER U WITH DIAERESIS" />
	<glyph unicode="04F2" name="Uhungarumlaut-cy" sortName="cy220" decompose="U-cy, hungarumlautcomb" category="Letter" subCategory="Uppercase" script="cyrillic" production="uni04F2" altNames="Uhungarumlautcyrillic" description="CYRILLIC CAPITAL LETTER U WITH DOUBLE ACUTE" />
	<glyph unicode="04F3" name="uhungarumlaut-cy" sortName="cy221" decompose="u-cy, hungarumlautcomb" category="Letter" subCategory="Lowercase" script="cyrillic" production="uni04F3" altNames="uhungarumlautcyrillic" description="CYRILLIC SMALL LETTER U WITH DOUBLE ACUTE" />
	<glyph unicode="04F4" name="Chedieresis-cy" sortName="cy222" decompose="Che-cy, dieresiscomb" category="Letter" subCategory="Uppercase" script="cyrillic" production="uni04F4" altNames="Chedieresiscyrillic" description="CYRILLIC CAPITAL LETTER CHE WITH DIAERESIS" />
	<glyph unicode="04F5" name="chedieresis-cy" sortName="cy223" decompose="che-cy, dieresiscomb" category="Letter" subCategory="Lowercase" script="cyrillic" production="uni04F5" altNames="chedieresiscyrillic" description="CYRILLIC SMALL LETTER CHE WITH DIAERESIS" />
	<glyph unicode="04F8" name="Yerudieresis-cy" sortName="cy226" decompose="Yeru-cy, dieresiscomb" category="Letter" subCategory="Uppercase" script="cyrillic" production="uni04F8" altNames="Yerudieresiscyrillic" description="CYRILLIC CAPITAL LETTER YERU WITH DIAERESIS" />
	<glyph unicode="04F9" name="yerudieresis-cy" sortName="cy227" decompose="yeru-cy, dieresiscomb" category="Letter" subCategory="Lowercase" script="cyrillic" production="uni04F9" altNames="yerudieresiscyrillic" description="CYRILLIC SMALL LETTER YERU WITH DIAERESIS" />
	<glyph unicode="04FA" name="Gestrokehook-cy" sortName="cy228" category="Letter" subCategory="Uppercase" script="cyrillic" production="uni04FA" description="CYRILLIC CAPITAL LETTER GHE WITH STROKE AND HOOK" />
	<glyph unicode="04FB" name="gestrokehook-cy" sortName="cy229" category="Letter" subCategory="Lowercase" script="cyrillic" production="uni04FB" description="CYRILLIC SMALL LETTER GHE WITH STROKE AND HOOK" />
	<glyph unicode="04FC" name="Hahook-cy" sortName="cy230" category="Letter" subCategory="Uppercase" script="cyrillic" production="uni04FC" description="CYRILLIC CAPITAL LETTER HA WITH HOOK" />
	<glyph unicode="04FD" name="hahook-cy" sortName="cy231" category="Letter" subCategory="Lowercase" script="cyrillic" production="uni04FD" description="CYRILLIC SMALL LETTER HA WITH HOOK" />
	<glyph unicode="04FE" name="Hastroke-cy" sortName="cy232" category="Letter" subCategory="Uppercase" script="cyrillic" production="uni04FE" description="CYRILLIC CAPITAL LETTER HA WITH STROKE" />
	<glyph unicode="04FF" name="hastroke-cy" sortName="cy233" category="Letter" subCategory="Lowercase" script="cyrillic" production="uni04FF" description="CYRILLIC SMALL LETTER HA WITH STROKE" />
	<glyph unicode="0500" name="Komide-cy" sortName="cy234" category="Letter" subCategory="Uppercase" script="cyrillic" production="uni0500" description="CYRILLIC CAPITAL LETTER KOMI DE" />
	<glyph unicode="0501" name="komide-cy" sortName="cy235" category="Letter" subCategory="Lowercase" script="cyrillic" production="uni0501" description="CYRILLIC SMALL LETTER KOMI DE" />
	<glyph unicode="0502" name="Komidje-cy" sortName="cy236" category="Letter" subCategory="Uppercase" script="cyrillic" production="uni0502" description="CYRILLIC CAPITAL LETTER KOMI DJE" />
	<glyph unicode="0503" name="komidje-cy" sortName="cy237" category="Letter" subCategory="Lowercase" script="cyrillic" production="uni0503" description="CYRILLIC SMALL LETTER KOMI DJE" />
	<glyph unicode="0504" name="Komizje-cy" sortName="cy238" category="Letter" subCategory="Uppercase" script="cyrillic" production="uni0504" description="CYRILLIC CAPITAL LETTER KOMI ZJE" />
	<glyph unicode="0505" name="komizje-cy" sortName="cy239" category="Letter" subCategory="Lowercase" script="cyrillic" production="uni0505" description="CYRILLIC SMALL LETTER KOMI ZJE" />
	<glyph unicode="0506" name="Komidzje-cy" sortName="cy240" category="Letter" subCategory="Uppercase" script="cyrillic" production="uni0506" description="CYRILLIC CAPITAL LETTER KOMI DZJE" />
	<glyph unicode="0507" name="komidzje-cy" sortName="cy241" category="Letter" subCategory="Lowercase" script="cyrillic" production="uni0507" description="CYRILLIC SMALL LETTER KOMI DZJE" />
	<glyph unicode="0508" name="Komilje-cy" sortName="cy242" category="Letter" subCategory="Uppercase" script="cyrillic" production="uni0508" description="CYRILLIC CAPITAL LETTER KOMI LJE" />
	<glyph unicode="0509" name="komilje-cy" sortName="cy243" category="Letter" subCategory="Lowercase" script="cyrillic" production="uni0509" description="CYRILLIC SMALL LETTER KOMI LJE" />
	<glyph unicode="050A" name="Kominje-cy" sortName="cy244" category="Letter" subCategory="Uppercase" script="cyrillic" production="uni050A" description="CYRILLIC CAPITAL LETTER KOMI NJE" />
	<glyph unicode="050B" name="kominje-cy" sortName="cy245" category="Letter" subCategory="Lowercase" script="cyrillic" production="uni050B" description="CYRILLIC SMALL LETTER KOMI NJE" />
	<glyph unicode="050C" name="Komisje-cy" sortName="cy246" category="Letter" subCategory="Uppercase" script="cyrillic" production="uni050C" description="CYRILLIC CAPITAL LETTER KOMI SJE" />
	<glyph unicode="050D" name="komisje-cy" sortName="cy247" category="Letter" subCategory="Lowercase" script="cyrillic" production="uni050D" description="CYRILLIC SMALL LETTER KOMI SJE" />
	<glyph unicode="050E" name="Komitje-cy" sortName="cy248" category="Letter" subCategory="Uppercase" script="cyrillic" production="uni050E" description="CYRILLIC CAPITAL LETTER KOMI TJE" />
	<glyph unicode="050F" name="komitje-cy" sortName="cy249" category="Letter" subCategory="Lowercase" script="cyrillic" production="uni050F" description="CYRILLIC SMALL LETTER KOMI TJE" />
	<glyph unicode="0510" name="Reversedze-cy" sortName="cy250" category="Letter" subCategory="Uppercase" script="cyrillic" production="uni0510" description="CYRILLIC CAPITAL LETTER REVERSED ZE" />
	<glyph unicode="0511" name="reversedze-cy" sortName="cy251" category="Letter" subCategory="Lowercase" script="cyrillic" production="uni0511" description="CYRILLIC SMALL LETTER REVERSED ZE" />
	<glyph unicode="0512" name="Elhook-cy" sortName="cy252" category="Letter" subCategory="Uppercase" script="cyrillic" production="uni0512" description="CYRILLIC CAPITAL LETTER EL WITH HOOK" />
	<glyph unicode="0513" name="elhook-cy" sortName="cy253" category="Letter" subCategory="Lowercase" script="cyrillic" production="uni0513" description="CYRILLIC SMALL LETTER EL WITH HOOK" />
	<glyph unicode="0514" name="Lha-cy" sortName="cy254" category="Letter" subCategory="Uppercase" script="cyrillic" production="uni0514" description="CYRILLIC CAPITAL LETTER LHA" />
	<glyph unicode="0515" name="lha-cy" sortName="cy255" category="Letter" subCategory="Lowercase" script="cyrillic" production="uni0515" description="CYRILLIC SMALL LETTER LHA" />
	<glyph unicode="0516" name="Rha-cy" sortName="cy256" category="Letter" subCategory="Uppercase" script="cyrillic" production="uni0516" description="CYRILLIC CAPITAL LETTER RHA" />
	<glyph unicode="0517" name="rha-cy" sortName="cy257" category="Letter" subCategory="Lowercase" script="cyrillic" production="uni0517" description="CYRILLIC SMALL LETTER RHA" />
	<glyph unicode="0518" name="Yae-cy" sortName="cy258" category="Letter" subCategory="Uppercase" script="cyrillic" production="uni0518" description="CYRILLIC CAPITAL LETTER YAE" />
	<glyph unicode="0519" name="yae-cy" sortName="cy259" category="Letter" subCategory="Lowercase" script="cyrillic" production="uni0519" description="CYRILLIC SMALL LETTER YAE" />
	<glyph unicode="051A" name="Qa-cy" decompose="Q" sortName="cy260" category="Letter" subCategory="Uppercase" script="cyrillic" production="uni051A" description="CYRILLIC CAPITAL LETTER QA" />
	<glyph unicode="051B" name="qa-cy" decompose="q" sortName="cy261" category="Letter" subCategory="Lowercase" script="cyrillic" production="uni051B" description="CYRILLIC SMALL LETTER QA" />
	<glyph unicode="051C" name="We-cy" decompose="W" sortName="cy262" category="Letter" subCategory="Uppercase" script="cyrillic" production="uni051C" description="CYRILLIC CAPITAL LETTER WE" />
	<glyph unicode="051D" name="we-cy" decompose="w" sortName="cy263" category="Letter" subCategory="Lowercase" script="cyrillic" production="uni051D" description="CYRILLIC SMALL LETTER WE" />
	<glyph unicode="051E" name="Aleutka-cy" sortName="cy264" category="Letter" subCategory="Uppercase" script="cyrillic" production="uni051E" description="CYRILLIC CAPITAL LETTER ALEUT KA" />
	<glyph unicode="051F" name="aleutka-cy" sortName="cy265" category="Letter" subCategory="Lowercase" script="cyrillic" production="uni051F" description="CYRILLIC SMALL LETTER ALEUT KA" />
	<glyph unicode="0520" name="Elmiddlehook-cy" sortName="cy266" category="Letter" subCategory="Uppercase" script="cyrillic" production="uni0520" description="CYRILLIC CAPITAL LETTER EL WITH MIDDLE HOOK" />
	<glyph unicode="0521" name="elmiddlehook-cy" sortName="cy267" category="Letter" subCategory="Lowercase" script="cyrillic" production="uni0521" description="CYRILLIC SMALL LETTER EL WITH MIDDLE HOOK" />
	<glyph unicode="0522" name="Enmiddlehook-cy" sortName="cy268" category="Letter" subCategory="Uppercase" script="cyrillic" production="uni0522" description="CYRILLIC CAPITAL LETTER EN WITH MIDDLE HOOK" />
	<glyph unicode="0523" name="enmiddlehook-cy" sortName="cy269" category="Letter" subCategory="Lowercase" script="cyrillic" production="uni0523" description="CYRILLIC SMALL LETTER EN WITH MIDDLE HOOK" />
	<glyph unicode="0480" name="Koppa-cy" sortName="cy274" category="Letter" subCategory="Uppercase" script="cyrillic" production="uni0480" altNames="Koppacyrillic" description="CYRILLIC CAPITAL LETTER KOPPA" />
	<glyph unicode="0481" name="koppa-cy" sortName="cy275" category="Letter" subCategory="Lowercase" script="cyrillic" production="uni0481" altNames="koppacyrillic" description="CYRILLIC SMALL LETTER KOPPA" />
	<glyph unicode="0482" name="thousand-cy" sortName="cy276" category="Symbol" script="cyrillic" production="uni0482" altNames="thousandcyrillic" description="CYRILLIC THOUSANDS SIGN" />
	<glyph unicode="0483" name="titlocomb-cy" sortName="cy277" category="Mark" subCategory="Nonspacing" script="cyrillic" production="uni0483" altNames="titlocyrilliccmb" description="COMBINING CYRILLIC TITLO" />
	<glyph unicode="0484" name="palatalizationcomb-cy" sortName="cy278" category="Mark" subCategory="Nonspacing" script="cyrillic" production="uni0484" altNames="palatalizationcyrilliccmb" description="COMBINING CYRILLIC PALATALIZATION" />
	<glyph unicode="0485" name="dasiapneumatacomb-cy" sortName="cy279" category="Mark" subCategory="Nonspacing" script="cyrillic" production="uni0485" altNames="dasiapneumatacyrilliccmb" description="COMBINING CYRILLIC DASIA PNEUMATA" />
	<glyph unicode="0486" name="psilipneumatacomb-cy" sortName="cy280" category="Mark" subCategory="Nonspacing" script="cyrillic" production="uni0486" altNames="psilipneumatacyrilliccmb" description="COMBINING CYRILLIC PSILI PNEUMATA" />
	<glyph unicode="0487" name="pokrytiecomb-cy" sortName="cy281" category="Mark" subCategory="Nonspacing" script="cyrillic" production="uni0487" description="COMBINING CYRILLIC POKRYTIE" />
	<glyph unicode="0488" name="hundredthousandssigncomb-cy" sortName="cy282" category="Mark" subCategory="Enclosing" script="cyrillic" production="uni0488" description="COMBINING CYRILLIC HUNDRED THOUSANDS SIGN" />
	<glyph unicode="0489" name="millionssigncomb-cy" sortName="cy283" category="Mark" subCategory="Enclosing" script="cyrillic" production="uni0489" description="COMBINING CYRILLIC MILLIONS SIGN" />
	<glyph unicode="048C" name="Semisoftsign-cy" sortName="cy286" category="Letter" subCategory="Uppercase" script="cyrillic" production="uni048C" description="CYRILLIC CAPITAL LETTER SEMISOFT SIGN" />
	<glyph unicode="048D" name="semisoftsign-cy" sortName="cy287" category="Letter" subCategory="Lowercase" script="cyrillic" production="uni048D" description="CYRILLIC SMALL LETTER SEMISOFT SIGN" />
	<glyph unicode="048E" name="Ertick-cy" sortName="cy288" category="Letter" subCategory="Uppercase" script="cyrillic" production="uni048E" description="CYRILLIC CAPITAL LETTER ER WITH TICK" />
	<glyph unicode="048F" name="ertick-cy" sortName="cy289" category="Letter" subCategory="Lowercase" script="cyrillic" production="uni048F" description="CYRILLIC SMALL LETTER ER WITH TICK" />
	<glyph name="brevecomb-cy" sortName="cy290" category="Mark" subCategory="Nonspacing" script="cyrillic" description="CYRILLIC BREVE" anchors="_top" />
	<glyph name="descender-cy" sortName="cy291" category="Mark" subCategory="Spacing Combining" script="cyrillic" description="CYRILLIC COMPONENT DESCENDER" anchors="_bottomright" />
	<glyph name="verticalbar-cy" sortName="cy291" category="Mark" subCategory="Spacing Combining" script="cyrillic" description="CYRILLIC COMPONENT DESCENDER" anchors="_center" />
	<glyph name="tail-cy" sortName="cy292" category="Mark" subCategory="Spacing Combining" script="cyrillic" description="CYRILLIC COMPONENT TAIL" anchors="_bottomright" />
	<glyph name="hook-cy" sortName="cy291" category="Mark" subCategory="Spacing Combining" script="cyrillic" description="CYRILLIC COMPONENT HOOK" anchors="_bottomright" />
	<glyph unicode="A640" name="Zemlya-cy" category="Letter" subCategory="Uppercase" script="cyrillic" production="uniA640" description="CYRILLIC CAPITAL LETTER ZEMLYA" />
	<glyph unicode="A641" name="zemlya-cy" category="Letter" subCategory="Lowercase" script="cyrillic" production="uniA641" description="CYRILLIC SMALL LETTER ZEMLYA" />
	<glyph unicode="A642" name="Dzelo-cy" category="Letter" subCategory="Uppercase" script="cyrillic" production="uniA642" description="CYRILLIC CAPITAL LETTER DZELO" />
	<glyph unicode="A643" name="dzelo-cy" category="Letter" subCategory="Lowercase" script="cyrillic" production="uniA643" description="CYRILLIC SMALL LETTER DZELO" />
	<glyph unicode="A644" name="DzeReversed-cy" category="Letter" subCategory="Uppercase" script="cyrillic" production="uniA644" description="CYRILLIC CAPITAL LETTER REVERSED DZE" />
	<glyph unicode="A645" name="dzeReversed-cy" category="Letter" subCategory="Lowercase" script="cyrillic" production="uniA645" description="CYRILLIC SMALL LETTER REVERSED DZE" />
	<glyph unicode="A646" name="Iota-cy" category="Letter" subCategory="Uppercase" script="cyrillic" production="uniA646" description="CYRILLIC CAPITAL LETTER IOTA" />
	<glyph unicode="A647" name="iota-cy" category="Letter" subCategory="Lowercase" script="cyrillic" production="uniA647" description="CYRILLIC SMALL LETTER IOTA" />
	<glyph unicode="A648" name="Djerv-cy" category="Letter" subCategory="Uppercase" script="cyrillic" production="uniA648" description="CYRILLIC CAPITAL LETTER DJERV" />
	<glyph unicode="A649" name="djerv-cy" category="Letter" subCategory="Lowercase" script="cyrillic" production="uniA649" description="CYRILLIC SMALL LETTER DJERV" />
	<glyph unicode="A64A" name="UkMonograph-cy" category="Letter" subCategory="Uppercase" script="cyrillic" production="uniA64A" description="CYRILLIC CAPITAL LETTER MONOGRAPH UK" />
	<glyph unicode="A64B" name="ukMonograph-cy" category="Letter" subCategory="Lowercase" script="cyrillic" production="uniA64B" description="CYRILLIC SMALL LETTER MONOGRAPH UK" />
	<glyph unicode="A64C" name="OmegaBroad-cy" category="Letter" subCategory="Uppercase" script="cyrillic" production="uniA64C" description="CYRILLIC CAPITAL LETTER BROAD OMEGA" />
	<glyph unicode="A64D" name="omegaBroad-cy" category="Letter" subCategory="Lowercase" script="cyrillic" production="uniA64D" description="CYRILLIC SMALL LETTER BROAD OMEGA" />
	<glyph unicode="A64E" name="YerNeutral-cy" category="Letter" subCategory="Uppercase" script="cyrillic" production="uniA64E" description="CYRILLIC CAPITAL LETTER NEUTRAL YER" />
	<glyph unicode="A64F" name="yerNeutral-cy" category="Letter" subCategory="Lowercase" script="cyrillic" production="uniA64F" description="CYRILLIC SMALL LETTER NEUTRAL YER" />
	<glyph unicode="A650" name="YeruBackYer-cy" category="Letter" subCategory="Uppercase" script="cyrillic" production="uniA650" description="CYRILLIC CAPITAL LETTER YERU WITH BACK YER" />
	<glyph unicode="A651" name="yeruBackyer-cy" category="Letter" subCategory="Lowercase" script="cyrillic" production="uniA651" description="CYRILLIC SMALL LETTER YERU WITH BACK YER" />
	<glyph unicode="A652" name="YatIotified-cy" category="Letter" subCategory="Uppercase" script="cyrillic" production="uniA652" description="CYRILLIC CAPITAL LETTER IOTIFIED YAT" />
	<glyph unicode="A653" name="yatIotified-cy" category="Letter" subCategory="Lowercase" script="cyrillic" production="uniA653" description="CYRILLIC SMALL LETTER IOTIFIED YAT" />
	<glyph unicode="A654" name="YuReversed-cy" category="Letter" subCategory="Uppercase" script="cyrillic" production="uniA654" description="CYRILLIC CAPITAL LETTER REVERSED YU" />
	<glyph unicode="A655" name="yuReversed-cy" category="Letter" subCategory="Lowercase" script="cyrillic" production="uniA655" description="CYRILLIC SMALL LETTER REVERSED YU" />
	<glyph unicode="A656" name="IotifiedA-cy" category="Letter" subCategory="Uppercase" script="cyrillic" production="uniA656" description="CYRILLIC CAPITAL LETTER IOTIFIED A" />
	<glyph unicode="A657" name="iotifieda-cy" category="Letter" subCategory="Lowercase" script="cyrillic" production="uniA657" description="CYRILLIC SMALL LETTER IOTIFIED A" />
	<glyph unicode="A658" name="YusClosedlittle-cy" category="Letter" subCategory="Uppercase" script="cyrillic" production="uniA658" description="CYRILLIC CAPITAL LETTER CLOSED LITTLE YUS" />
	<glyph unicode="A659" name="yusClosedlittle-cy" category="Letter" subCategory="Lowercase" script="cyrillic" production="uniA659" description="CYRILLIC SMALL LETTER CLOSED LITTLE YUS" />
	<glyph unicode="A65A" name="YusBlended-cy" category="Letter" subCategory="Uppercase" script="cyrillic" production="uniA65A" description="CYRILLIC CAPITAL LETTER BLENDED YUS" />
	<glyph unicode="A65B" name="yusBlended-cy" category="Letter" subCategory="Lowercase" script="cyrillic" production="uniA65B" description="CYRILLIC SMALL LETTER BLENDED YUS" />
	<glyph unicode="A65C" name="YusiotifiedClosedLittle-cy" category="Letter" subCategory="Uppercase" script="cyrillic" production="uniA65C" description="CYRILLIC CAPITAL LETTER IOTIFIED CLOSED LITTLE YUS" />
	<glyph unicode="A65D" name="yusiotifiedClosedLittle-cy" category="Letter" subCategory="Lowercase" script="cyrillic" production="uniA65D" description="CYRILLIC SMALL LETTER IOTIFIED CLOSED LITTLE YUS" />
	<glyph unicode="A65E" name="Yn-cy" category="Letter" subCategory="Uppercase" script="cyrillic" production="uniA65E" description="CYRILLIC CAPITAL LETTER YN" />
	<glyph unicode="A65F" name="yn-cy" category="Letter" subCategory="Lowercase" script="cyrillic" production="uniA65F" description="CYRILLIC SMALL LETTER YN" />
	<glyph unicode="A660" name="TseReversed-cy" category="Letter" subCategory="Uppercase" script="cyrillic" production="uniA660" description="CYRILLIC CAPITAL LETTER REVERSED TSE" />
	<glyph unicode="A661" name="tseReversed-cy" category="Letter" subCategory="Lowercase" script="cyrillic" production="uniA661" description="CYRILLIC SMALL LETTER REVERSED TSE" />
	<glyph unicode="A662" name="DeSoft-cy" category="Letter" subCategory="Uppercase" script="cyrillic" production="uniA662" description="CYRILLIC CAPITAL LETTER SOFT DE" />
	<glyph unicode="A663" name="deSoft-cy" category="Letter" subCategory="Lowercase" script="cyrillic" production="uniA663" description="CYRILLIC SMALL LETTER SOFT DE" />
	<glyph unicode="A664" name="ElSoft-cy" category="Letter" subCategory="Uppercase" script="cyrillic" production="uniA664" description="CYRILLIC CAPITAL LETTER SOFT EL" />
	<glyph unicode="A665" name="elSoft-cy" category="Letter" subCategory="Lowercase" script="cyrillic" production="uniA665" description="CYRILLIC SMALL LETTER SOFT EL" />
	<glyph unicode="A666" name="EmSoft-cy" category="Letter" subCategory="Uppercase" script="cyrillic" production="uniA666" description="CYRILLIC CAPITAL LETTER SOFT EM" />
	<glyph unicode="A667" name="emSoft-cy" category="Letter" subCategory="Lowercase" script="cyrillic" production="uniA667" description="CYRILLIC SMALL LETTER SOFT EM" />
	<glyph unicode="A668" name="OMonocular-cy" category="Letter" subCategory="Uppercase" script="cyrillic" production="uniA668" description="CYRILLIC CAPITAL LETTER MONOCULAR O" />
	<glyph unicode="A669" name="oMonocular-cy" category="Letter" subCategory="Lowercase" script="cyrillic" production="uniA669" description="CYRILLIC SMALL LETTER MONOCULAR O" />
	<glyph unicode="A66A" name="OBinocular-cy" category="Letter" subCategory="Uppercase" script="cyrillic" production="uniA66A" description="CYRILLIC CAPITAL LETTER BINOCULAR O" />
	<glyph unicode="A66B" name="oBinocular-cy" category="Letter" subCategory="Lowercase" script="cyrillic" production="uniA66B" description="CYRILLIC SMALL LETTER BINOCULAR O" />
	<glyph unicode="A66C" name="ODoubleMonocular-cy" category="Letter" subCategory="Uppercase" script="cyrillic" production="uniA66C" description="CYRILLIC CAPITAL LETTER DOUBLE MONOCULAR O" />
	<glyph unicode="A66D" name="oDoubleMonocular-cy" category="Letter" subCategory="Lowercase" script="cyrillic" production="uniA66D" description="CYRILLIC SMALL LETTER DOUBLE MONOCULAR O" />
	<glyph unicode="A66E" name="omultiocular-cy" category="Letter" script="cyrillic" production="uniA66E" description="CYRILLIC LETTER MULTIOCULAR O" />
	<glyph unicode="A66F" name="vzmetcomb-cy" category="Mark" subCategory="Nonspacing" script="cyrillic" production="uniA66F" description="COMBINING CYRILLIC VZMET" />
	<glyph unicode="A670" name="tenmillionscomb-cy" category="Mark" subCategory="Enclosing" script="cyrillic" production="uniA670" description="COMBINING CYRILLIC TEN MILLIONS SIGN" />
	<glyph unicode="A671" name="hundredmillionscomb-cy" category="Mark" subCategory="Enclosing" script="cyrillic" production="uniA671" description="COMBINING CYRILLIC HUNDRED MILLIONS SIGN" />
	<glyph unicode="A672" name="thousandmillionscomb-cy" category="Mark" subCategory="Enclosing" script="cyrillic" production="uniA672" description="COMBINING CYRILLIC THOUSAND MILLIONS SIGN" />
	<glyph unicode="A674" name="ieukrainiancomb-cy" category="Mark" subCategory="Nonspacing" script="cyrillic" production="uniA674" description="COMBINING CYRILLIC LETTER UKRAINIAN IE" />
	<glyph unicode="A675" name="icomb-cy" category="Mark" subCategory="Nonspacing" script="cyrillic" production="uniA675" description="COMBINING CYRILLIC LETTER I" />
	<glyph unicode="A676" name="yicomb-cy" category="Mark" subCategory="Nonspacing" script="cyrillic" production="uniA676" description="COMBINING CYRILLIC LETTER YI" />
	<glyph unicode="A677" name="ucomb-cy" category="Mark" subCategory="Nonspacing" script="cyrillic" production="uniA677" description="COMBINING CYRILLIC LETTER U" />
	<glyph unicode="A678" name="hardsigncomb-cy" category="Mark" subCategory="Nonspacing" script="cyrillic" production="uniA678" description="COMBINING CYRILLIC LETTER HARD SIGN" />
	<glyph unicode="A679" name="yerucomb-cy" category="Mark" subCategory="Nonspacing" script="cyrillic" production="uniA679" description="COMBINING CYRILLIC LETTER YERU" />
	<glyph unicode="A67A" name="softsigncomb-cy" category="Mark" subCategory="Nonspacing" script="cyrillic" production="uniA67A" description="COMBINING CYRILLIC LETTER SOFT SIGN" />
	<glyph unicode="A67B" name="omegacomb-cy" category="Mark" subCategory="Nonspacing" script="cyrillic" production="uniA67B" description="COMBINING CYRILLIC LETTER OMEGA" />
	<glyph unicode="A67C" name="kavykacomb-cy" category="Mark" subCategory="Nonspacing" script="cyrillic" production="uniA67C" description="COMBINING CYRILLIC KAVYKA" />
	<glyph unicode="A67D" name="payerokcomb-cy" category="Mark" subCategory="Nonspacing" script="cyrillic" production="uniA67D" description="COMBINING CYRILLIC PAYEROK" />
	<glyph unicode="A67E" name="kavyka-cy" category="Punctuation" script="cyrillic" production="uniA67E" description="CYRILLIC KAVYKA" />
	<glyph unicode="A67F" name="payerok-cy" category="Letter" subCategory="Modifier" script="cyrillic" production="uniA67F" description="CYRILLIC PAYEROK" />
	<glyph unicode="A680" name="Dwe-cy" category="Letter" subCategory="Uppercase" script="cyrillic" production="uniA680" description="CYRILLIC CAPITAL LETTER DWE" />
	<glyph unicode="A681" name="dwe-cy" category="Letter" subCategory="Lowercase" script="cyrillic" production="uniA681" description="CYRILLIC SMALL LETTER DWE" />
	<glyph unicode="A682" name="Dzwe-cy" category="Letter" subCategory="Uppercase" script="cyrillic" production="uniA682" description="CYRILLIC CAPITAL LETTER DZWE" />
	<glyph unicode="A683" name="dzwe-cy" category="Letter" subCategory="Lowercase" script="cyrillic" production="uniA683" description="CYRILLIC SMALL LETTER DZWE" />
	<glyph unicode="A684" name="Zhwe-cy" category="Letter" subCategory="Uppercase" script="cyrillic" production="uniA684" description="CYRILLIC CAPITAL LETTER ZHWE" />
	<glyph unicode="A685" name="zhwe-cy" category="Letter" subCategory="Lowercase" script="cyrillic" production="uniA685" description="CYRILLIC SMALL LETTER ZHWE" />
	<glyph unicode="A686" name="Cche-cy" category="Letter" subCategory="Uppercase" script="cyrillic" production="uniA686" description="CYRILLIC CAPITAL LETTER CCHE" />
	<glyph unicode="A687" name="cche-cy" category="Letter" subCategory="Lowercase" script="cyrillic" production="uniA687" description="CYRILLIC SMALL LETTER CCHE" />
	<glyph unicode="A688" name="Dzze-cy" category="Letter" subCategory="Uppercase" script="cyrillic" production="uniA688" description="CYRILLIC CAPITAL LETTER DZZE" />
	<glyph unicode="A689" name="dzze-cy" category="Letter" subCategory="Lowercase" script="cyrillic" production="uniA689" description="CYRILLIC SMALL LETTER DZZE" />
	<glyph unicode="A68A" name="TeWithMiddleHook-cy" category="Letter" subCategory="Uppercase" script="cyrillic" production="uniA68A" description="CYRILLIC CAPITAL LETTER TE WITH MIDDLE HOOK" />
	<glyph unicode="A68B" name="tewithmiddlehook-cy" category="Letter" subCategory="Lowercase" script="cyrillic" production="uniA68B" description="CYRILLIC SMALL LETTER TE WITH MIDDLE HOOK" />
	<glyph unicode="A68C" name="Twe-cy" category="Letter" subCategory="Uppercase" script="cyrillic" production="uniA68C" description="CYRILLIC CAPITAL LETTER TWE" />
	<glyph unicode="A68D" name="twe-cy" category="Letter" subCategory="Lowercase" script="cyrillic" production="uniA68D" description="CYRILLIC SMALL LETTER TWE" />
	<glyph unicode="A68E" name="Tswe-cy" category="Letter" subCategory="Uppercase" script="cyrillic" production="uniA68E" description="CYRILLIC CAPITAL LETTER TSWE" />
	<glyph unicode="A68F" name="tswe-cy" category="Letter" subCategory="Lowercase" script="cyrillic" production="uniA68F" description="CYRILLIC SMALL LETTER TSWE" />
	<glyph unicode="A690" name="Tsse-cy" category="Letter" subCategory="Uppercase" script="cyrillic" production="uniA690" description="CYRILLIC CAPITAL LETTER TSSE" />
	<glyph unicode="A691" name="tsse-cy" category="Letter" subCategory="Lowercase" script="cyrillic" production="uniA691" description="CYRILLIC SMALL LETTER TSSE" />
	<glyph unicode="A692" name="Tche-cy" category="Letter" subCategory="Uppercase" script="cyrillic" production="uniA692" description="CYRILLIC CAPITAL LETTER TCHE" />
	<glyph unicode="A693" name="tche-cy" category="Letter" subCategory="Lowercase" script="cyrillic" production="uniA693" description="CYRILLIC SMALL LETTER TCHE" />
	<glyph unicode="A694" name="Hwe-cy" category="Letter" subCategory="Uppercase" script="cyrillic" production="uniA694" description="CYRILLIC CAPITAL LETTER HWE" />
	<glyph unicode="A695" name="hwe-cy" category="Letter" subCategory="Lowercase" script="cyrillic" production="uniA695" description="CYRILLIC SMALL LETTER HWE" />
	<glyph unicode="A696" name="Shwe-cy" category="Letter" subCategory="Uppercase" script="cyrillic" production="uniA696" description="CYRILLIC CAPITAL LETTER SHWE" />
	<glyph unicode="A697" name="shwe-cy" category="Letter" subCategory="Lowercase" script="cyrillic" production="uniA697" description="CYRILLIC SMALL LETTER SHWE" />
	<glyph unicode="A698" name="DoubleO-cy" category="Letter" subCategory="Uppercase" script="cyrillic" production="uniA698" description="CYRILLIC CAPITAL LETTER DOUBLE O" />
	<glyph unicode="A699" name="doubleo-cy" category="Letter" subCategory="Lowercase" script="cyrillic" production="uniA699" description="CYRILLIC SMALL LETTER DOUBLE O" />
	<glyph unicode="A69A" name="CrossedO-cy" category="Letter" subCategory="Uppercase" script="cyrillic" production="uniA69A" description="CYRILLIC CAPITAL LETTER CROSSED O" />
	<glyph unicode="A69B" name="crossedo-cy" category="Letter" subCategory="Lowercase" script="cyrillic" production="uniA69B" description="CYRILLIC SMALL LETTER CROSSED O" />
	<glyph unicode="A69C" name="modifierhardsign-cy" decompose="hardsigncyrillic" category="Letter" subCategory="Modifier" script="cyrillic" production="uniA69C" description="MODIFIER LETTER CYRILLIC HARD SIGN" />
	<glyph unicode="A69D" name="modifiersoftsign-cy" decompose="softsigncyrillic" category="Letter" subCategory="Modifier" script="cyrillic" production="uniA69D" description="MODIFIER LETTER CYRILLIC SOFT SIGN" />
	<glyph unicode="A69E" name="efcomb-cy" category="Mark" subCategory="Nonspacing" script="cyrillic" production="uniA69E" description="COMBINING CYRILLIC LETTER EF" />
	<glyph unicode="A69F" name="iotifiedecomb-cy" category="Mark" subCategory="Nonspacing" script="cyrillic" production="uniA69F" description="COMBINING CYRILLIC LETTER IOTIFIED E" />
	<glyph unicode="FE2E" name="titlolefthalfcomb-cy" category="Mark" subCategory="Nonspacing" script="cyrillic" production="uniFE2E" description="COMBINING CYRILLIC TITLO LEFT HALF" />
	<glyph unicode="FE2F" name="titlorighthalfcomb-cy" category="Mark" subCategory="Nonspacing" script="cyrillic" production="uniFE2F" description="COMBINING CYRILLIC TITLO RIGHT HALF" />
</glyphData>